qid,docno,score
1,hp5x637c,9.5
1,utg8k7qs,8.5
1,3t8g1xeg,8.5
1,pw4yh922,8.5
1,zf1g6x34,8.5
1,2jq626ye,8.5
1,d22fs0fx,8.5
1,8y24j34j,7.5
1,ujgcsx3o,7.5
1,l1lq8yga,3.5
1,3zevsk0w,3.5
1,t0tewgvx,3.5
1,m59czkya,3.5
1,uodw4iba,3.5
1,p6a3j6mr,2.5
1,pjdogrs4,2.5
1,tg6s41y3,2.5
1,803pdzy7,2.5
1,9e9523i8,2.5
1,645zegcv,2.5
1,0aiaklrn,2.5
1,zm38v6do,2.5
1,gnz96tzj,2.0
1,27fd59qe,2.0
1,ow5wt781,2.0
1,417onceq,1.2
1,u5npu6ng,1.0
1,fbe47bgi,1.0
1,vpm9drvz,0.3
1,t14wnsi1,0.2
1,0pi042qi,0.2
1,7mfc4mee,0.2
1,30s14h9j,0.2
1,f2vds1n7,0.2
1,782iew86,0.2
1,8c8skz2r,0.2
1,2hbxvvpw,0.2
1,jy7j8sh0,0.2
1,41ui4lqc,0.2
1,3z20ctdf,0.2
1,nmt221tu,0.2
1,nmchd4ib,0.2
1,1xgjdhkx,0.2
1,6nas74q1,0.2
1,23xo4frr,0.2
1,o4k7auph,0.2
1,1v353uij,0.2
1,iy6qzq58,0.2
1,vn3gkugz,0.2
1,pebc17zw,0.2
1,3o0hv92q,0.2
1,8ut2p9p6,0.2
1,i1qcanti,0.2
1,iq30z094,0.2
1,jvyq1b3l,0.2
1,60y9to0r,0.2
1,xd3zxx0c,0.2
1,cin2qol8,0.2
1,b6gte5u0,0.2
1,bglrptqj,0.2
1,zxtbnyho,0.1
1,b6l0qshz,0.1
1,64l96jwp,0.1
1,qbt142yj,0.1
1,xxt4g8gq,0.1
1,33zi29bg,0.1
1,wbawzbhz,0.1
1,64k42urk,0.1
1,ri7v2ka3,0.1
1,yu71iewp,0.1
1,yne3nu46,0.1
1,7cgqxt2m,0.1
1,nzxpo4sd,0.1
1,brsailag,0.1
1,4cniomio,0.1
1,kvuy06ln,0.1
1,uy90ulsy,0.1
1,3bozjfv7,0.1
1,6r7d5n3l,0.1
1,g42p98ku,0.1
1,u1xa44nw,0.1
1,vj4rvfte,0.1
1,c1r10fy6,0.1
1,zy5m8xc8,0.1
1,cqx9pjzr,0.1
1,nivrrsqg,0.1
1,feohfmbo,0.1
1,7jszm1nd,0.1
1,yrju4spi,0.1
1,mmd8ru3r,0.1
1,1vhzto1o,0.1
1,tg0tczni,0.1
1,pkbo2lbk,0.1
1,ci6db90d,0.1
1,godas2iy,0.1
1,gs75ebo4,0.1
1,ocg5siiy,0.1
1,pxwopt88,0.0
1,zmmef8gj,0.0
1,snq9nij4,0.0
2,zo9yngfc,9.5
2,gbdaad4l,9.2
2,4eylgtbc,8.5
2,6hwedoh7,8.5
2,6zi7sxs1,8.5
2,ob2xoxlq,8.5
2,x4hdxx1t,8.5
2,aq48eris,7.5
2,ylpa702c,7.5
2,pyrfgggz,7.5
2,ciwts11b,7.5
2,9l8nuz5g,7.5
2,2jq626ye,6.5
2,4qrg6lqu,6.5
2,4z38v9rg,6.5
2,994731g9,6.5
2,mtk3qxue,6.5
2,m1jpza1z,5.8
2,8y24j34j,5.5
2,vpm9drvz,4.5
2,sop5vc4q,4.5
2,12eqrhql,3.5
2,3zh8jmc2,3.5
2,01yc7lzk,3.5
2,803pdzy7,3.5
2,bea9x5j1,3.5
2,dih1nj0r,3.5
2,i1ifocme,3.5
2,wdcmb4x5,3.5
2,hp1gz37o,3.5
2,kkxdmzk9,3.5
2,w1csq51z,2.5
2,3ib99gup,2.5
2,2ffnuc8f,2.5
2,lfvso15k,2.5
2,jm3uzg2i,2.5
2,pzc4ivvg,2.5
2,pebc17zw,2.5
2,bzwfs0i5,2.5
2,a0e3kwbe,2.3
2,gb1txu1o,2.0
2,khrx6rnh,1.2
2,t8vmow9s,1.0
2,vf8z02nh,1.0
2,63bos83o,1.0
2,fbe47bgi,1.0
2,8ut2p9p6,0.2
2,3pnuzxqv,0.2
2,xd3zxx0c,0.2
2,ibmi9ln8,0.2
2,7mfc4mee,0.2
2,4enavqde,0.2
2,oyajv16r,0.2
2,aq3ho77b,0.2
2,evy1neal,0.2
2,emxgbnvg,0.2
2,ocg5siiy,0.2
2,xntqevam,0.2
2,5q3ojfmc,0.2
2,18js044m,0.2
2,9717nzr7,0.2
2,weiqdxi7,0.2
2,dxhhf0th,0.2
2,ak17aznz,0.2
2,30s14h9j,0.2
2,qeao4ghg,0.2
2,dtvzwin8,0.2
2,bu43gmpc,0.2
2,2hbxvvpw,0.2
2,cin2qol8,0.2
2,usvz287e,0.2
2,cqx9pjzr,0.2
2,dizrffw1,0.2
2,furt6xcn,0.2
2,feohfmbo,0.2
2,n6b0r92e,0.1
2,33zi29bg,0.1
2,9785vg6d,0.1
2,b6l0qshz,0.1
2,xwxgvdvp,0.1
2,f2vds1n7,0.1
2,6sfleb1b,0.1
2,0u5ot5h4,0.1
2,lvoam28y,0.1
2,1rhy8td0,0.1
2,zmmef8gj,0.1
2,bcwcjf01,0.1
2,ugbwvy6j,0.1
2,5yhoiv76,0.1
2,d8908t93,0.1
2,xxt4g8gq,0.1
2,nivrrsqg,0.1
2,af8ofuwo,0.1
2,qcp2aqya,0.1
2,782iew86,0.1
2,pdjsy9a0,0.1
2,z3in6bi2,0.1
2,wf0o3whi,0.1
2,tocqabgu,0.1
2,fmgpemja,0.1
3,evy1neal,8.5
3,mlhd9zbs,8.5
3,verg5dhn,8.5
3,u6ts87ur,8.5
3,u1xbkaq0,8.5
3,9o596lw2,8.5
3,15m5m44x,8.5
3,6zrv687k,8.5
3,hrfbygub,8.5
3,vggfbym5,8.5
3,184kmuiy,8.5
3,ux21mzep,8.5
3,2jq626ye,7.5
3,a9o2dvke,7.5
3,iy6qzq58,7.5
3,af8ofuwo,7.5
3,kp06yxbf,3.5
3,9ka3jdbf,3.5
3,2hbxvvpw,3.5
3,abyxz7jw,3.5
3,8y24j34j,3.5
3,pw4yh922,3.5
3,l1lq8yga,3.5
3,zoud7w1y,2.5
3,slxdonqi,2.5
3,c6elsnag,2.5
3,9rfmpvhh,2.5
3,24o2viv3,2.5
3,q8e08pq0,2.5
3,ekxq4l9a,2.5
3,pd47uife,2.5
3,9tivuyh5,2.5
3,5wz79c2l,2.5
3,j3p1u80n,2.5
3,v22k72tw,2.0
3,l78de41z,2.0
3,ejv0gidp,2.0
3,ymv5uhxv,1.5
3,4glq9iqo,1.2
3,oefyszar,1.0
3,i99pgmd1,1.0
3,n6b0r92e,0.2
3,dc7fn26s,0.2
3,ohd9y2fz,0.2
3,2hchnlwb,0.2
3,3pnuzxqv,0.2
3,j6txbpz4,0.2
3,7m21bgxb,0.2
3,6u80p5sj,0.2
3,2ffnuc8f,0.2
3,j0u2e01k,0.2
3,0littefv,0.2
3,6wu024ng,0.2
3,qcmsmfad,0.2
3,fcffl6m4,0.2
3,i8zikevn,0.2
3,s4xlrav8,0.2
3,ikr1qrrt,0.2
3,26pbzbxz,0.2
3,bnhwgv2g,0.2
3,ome3x8qj,0.2
3,mudtccfe,0.2
3,kx7z79pf,0.2
3,0u5ot5h4,0.2
3,b5rh0org,0.2
3,k3z30aaw,0.1
3,vixb9v8v,0.1
3,6l6c7jpq,0.1
3,bjg20xnk,0.1
3,chy7096f,0.1
3,zvyg2dzw,0.1
3,dg10rf2f,0.1
3,a203p26f,0.1
3,feohfmbo,0.1
3,4enavqde,0.1
3,jyi5z10h,0.1
3,xrhqisii,0.1
3,j9qucb0k,0.1
3,2z14p4oh,0.1
3,5hifn0cf,0.1
3,64k42urk,0.1
3,b6l0qshz,0.1
3,5cyjk2tm,0.1
3,24lz9tf1,0.1
3,k5g8ebqg,0.1
3,lchdm4xr,0.1
3,kf1fs1ka,0.1
3,803pdzy7,0.1
3,mzsoh16g,0.1
3,tocqabgu,0.1
3,2bsk6oh7,0.1
3,kfwbqp4p,0.1
3,t8e8m6td,0.1
3,wfkk7dsm,0.1
3,xypscjiq,0.1
3,jppa2pbw,0.1
3,594mmlk8,0.1
3,dscdjtfy,0.1
3,yy5guugq,0.0
3,njzyu4mv,0.0
4,uh3q65we,9.0
4,w0ouin51,9.0
4,2jq626ye,9.0
4,270msv5l,8.5
4,k8mn9xkj,8.5
4,li48ej86,8.5
4,elhp6rx6,8.5
4,povf1jrx,8.5
4,exkrhhop,8.5
4,5lqy1gjj,8.5
4,30ulsqqu,8.5
4,u86icqcc,8.5
4,usvz287e,8.5
4,qtfdtfq4,7.5
4,bzex0385,7.5
4,iec4mvh7,7.5
4,00rk8fb5,7.5
4,yh6858k6,7.5
4,wfrmvlhi,7.5
4,b41j1ilr,6.5
4,ttu6xum8,6.5
4,b5rh0org,6.5
4,f6dz688n,5.5
4,6myqgme3,5.5
4,jleccqqx,4.5
4,k9yjwnmt,3.5
4,9717nzr7,3.5
4,qocuprwb,3.5
4,echn80cq,3.5
4,76aeat80,3.5
4,kc1xl0sg,3.5
4,8l44fnq6,3.5
4,oyajv16r,3.5
4,36fljyl2,3.5
4,zggk0x2q,3.0
4,ghm1hvei,2.5
4,de4dhv4b,2.5
4,nlaiurau,2.5
4,fiy0l5lh,2.5
4,l1lq8yga,2.5
4,26pbzbxz,2.5
4,sddif46h,2.5
4,s0otfnjw,2.5
4,645zegcv,2.5
4,y9i4hsy8,2.3
4,g06l1j0h,2.0
4,d0hrsiu3,1.5
4,bjg20xnk,1.5
4,xrhqisii,1.5
4,5i66xf7d,1.2
4,34sa8fcm,1.2
4,2folsh35,1.2
4,ebyueq5h,1.0
4,zshd7i9i,1.0
4,ynnp2wph,1.0
4,llilwq1u,0.2
4,7mfc4mee,0.2
4,1r1ueuk2,0.2
4,feohfmbo,0.2
4,utg8k7qs,0.2
4,1qhferax,0.2
4,gy472fk4,0.2
4,4wtt935o,0.2
4,rp9z4izp,0.2
4,30s14h9j,0.2
4,jy7j8sh0,0.2
4,ibmi9ln8,0.2
4,w1csq51z,0.2
4,wxparyeg,0.1
4,nfibuobt,0.1
4,zxtbnyho,0.1
4,bswndfvk,0.1
4,3bozjfv7,0.1
4,b6l0qshz,0.1
4,xogty25m,0.1
4,iodfgzjf,0.1
4,7xp143nc,0.1
4,0u5ot5h4,0.1
4,auum3tn7,0.1
4,nzxpo4sd,0.1
4,3w02be5c,0.1
4,njzyu4mv,0.1
4,4jnovvnp,0.1
4,9p2n8tjx,0.1
4,fk7k84n7,0.1
4,xd3zxx0c,0.1
4,k3g6ymut,0.1
4,9sc2xmqr,0.1
4,ow3aez9v,0.1
4,lk2ny1wd,0.1
4,3o0hv92q,0.1
4,m6wid9v5,0.1
4,w8bmmgtj,0.1
4,vj4rvfte,0.1
4,uwez578q,0.1
4,nxv1ie29,0.1
4,1wl7i7ch,0.1
4,zmmef8gj,0.0
4,klzs6hqy,0.0
4,vqoxd64i,0.0
5,5kffoext,8.5
5,xibqsjib,8.5
5,cxxk09t2,8.5
5,mx6i2781,8.5
5,xicq2drc,8.5
5,pwlybr2h,8.5
5,jkxsm8yv,8.5
5,n85ptr5p,8.5
5,96xoj10p,8.5
5,2hbxvvpw,8.5
5,226ne81d,7.8
5,vpm9drvz,7.5
5,jiw3cji1,7.5
5,qnwtwpni,7.5
5,jq1xumrh,7.5
5,mtgtss0m,7.5
5,e2txo10z,7.5
5,b5rh0org,7.5
5,gc84k214,7.5
5,mtk3qxue,7.5
5,a9o2dvke,7.5
5,cin2qol8,6.8
5,ylpa702c,6.8
5,qevosik3,6.8
5,ovjucuw7,6.5
5,tsuz3j40,6.5
5,0littefv,6.5
5,vggfbym5,6.5
5,473qbg0u,5.5
5,c5jdp5jv,4.5
5,v3548bfn,4.5
5,fvx0xof9,3.5
5,7cpxg1b4,3.5
5,iey3o9g9,3.5
5,cjqsaepz,3.5
5,wm4c7rk6,3.5
5,vu9b5a14,3.5
5,beqvgdjo,3.5
5,6b6esumw,3.5
5,1v353uij,2.5
5,lxtuig9w,2.5
5,9l8nuz5g,2.5
5,ofpcgxce,2.5
5,d62iuk72,2.5
5,qwr6nfi1,2.5
5,8n0tvm0w,2.5
5,o7ttiu97,2.5
5,5wz79c2l,2.5
5,6u80p5sj,2.5
5,e7b1guwq,2.5
5,7cgqxt2m,2.5
5,howix091,2.5
5,62fsb8y5,2.5
5,pnroqceq,2.3
5,tihc3ldd,1.5
5,vfbzm6w3,1.2
5,3pnuzxqv,1.0
5,clqfq8hw,1.0
5,i0a3igc7,1.0
5,c5i7bzz4,1.0
5,sta4cf3o,0.2
5,gw2cow0d,0.2
5,66lqic50,0.2
5,iefu6hph,0.2
5,8dbenul1,0.2
5,2x4khog1,0.2
5,a6y0eoov,0.2
5,mhw7cqwp,0.2
5,96rrh93f,0.2
5,iy6qzq58,0.1
5,xyc6a1fw,0.1
5,j9qucb0k,0.1
5,031ro01b,0.1
5,xxt4g8gq,0.1
5,8ut2p9p6,0.1
5,o1x8c9o4,0.1
5,y9qyjbc2,0.1
5,jkg7qkj6,0.1
5,85kn968m,0.1
5,q96i25vh,0.1
5,qb7umsyu,0.1
5,24lz9tf1,0.1
5,f0ncxqbx,0.1
5,cim8sfda,0.1
5,vv581qzu,0.1
5,7jszm1nd,0.1
5,bzwfs0i5,0.1
5,rb9xdzro,0.1
5,wbh06gzb,0.1
5,8vk89i4h,0.1
5,zajppdcc,0.1
5,c0ggw1z4,0.1
5,9717nzr7,0.1
5,psguw47w,0.1
5,vtp4cwvt,0.1
5,sc0ersky,0.1
5,bmdnqgvu,0.1
5,r707jl16,0.0
5,vk8n8s2q,0.0
5,64k42urk,0.0
6,917uwsgx,9.5
6,yxuyhc7p,8.5
6,lar2m59n,8.5
6,ceatyj3o,8.5
6,mtk3qxue,8.5
6,zminzrov,8.5
6,ngn9x3lc,8.5
6,tpqow3fy,8.5
6,o1x05kni,8.5
6,np9tsmvs,8.5
6,m9ni2883,8.5
6,7lohh5ty,8.5
6,mkrpls2f,8.5
6,4knbd4xy,8.5
6,oq8gpl91,8.5
6,7qzl1umz,8.5
6,pof78bwb,8.5
6,k8wfyj9b,8.5
6,skzidybm,8.5
6,smpfp34k,8.5
6,ij9mifov,8.5
6,u6ts87ur,8.5
6,2jq626ye,8.5
6,ic9ka18g,8.5
6,chnaum4b,8.5
6,lrkscs71,7.5
6,efk5pzov,7.5
6,7m71pqu9,7.5
6,mid2w6yo,7.5
6,txim79ji,7.5
6,ovf7wuv3,7.5
6,fs919j84,7.5
6,085v7n6k,7.5
6,lz37rh82,7.5
6,dtvzwin8,6.5
6,t35n7bk9,6.5
6,6f8vyziv,6.5
6,z6ndprmm,6.5
6,i1qcanti,6.5
6,rd0g5j55,6.5
6,ia13k602,6.5
6,sfshosp0,4.5
6,dm21kvnm,4.2
6,vqss7z7m,3.5
6,22ewkwma,3.5
6,qjab20j6,3.5
6,r9gtw3cl,3.5
6,65drhnk8,3.5
6,z716py0g,3.5
6,s76c5ebd,3.5
6,v06dpgoi,2.5
6,js68cj0f,2.5
6,mmls866r,2.5
6,h6h82gwt,2.5
6,b9dk07tk,2.5
6,qfb7074e,2.3
6,l2h0d65j,2.0
6,k3z30aaw,1.5
6,bsu74y23,1.0
6,knbf8m4x,1.0
6,m1jpza1z,0.8
6,7t4d4vvo,0.3
6,531twx5p,0.2
6,srxo19hg,0.2
6,a35a92gh,0.2
6,5x24dcx9,0.2
6,drhl264f,0.2
6,2hchnlwb,0.2
6,5wz79c2l,0.2
6,79fp75u3,0.2
6,oni76pna,0.2
6,xguvylqk,0.2
6,i7x50taa,0.2
6,z3in6bi2,0.2
6,jq1xumrh,0.2
6,18azv910,0.2
6,m31mb2kr,0.2
6,iy6qzq58,0.2
6,1v353uij,0.2
6,wybmer7o,0.2
6,n1fabz7k,0.2
6,63bos83o,0.1
6,ud411cox,0.1
6,vsjy9oaf,0.1
6,1rhy8td0,0.1
6,d0eur1hq,0.1
6,sluqq1px,0.1
6,bzwfs0i5,0.1
6,0pgcfk6b,0.1
6,nn4rum8j,0.1
6,ydrnanug,0.1
6,ttu6xum8,0.1
6,5cyjk2tm,0.1
6,gfqbdj0h,0.1
6,ews6n5qc,0.1
6,6w9n03fy,0.1
6,wyzb8v4a,0.1
6,wi7qdbc7,0.1
6,hrfbygub,0.1
6,3ejfxj6r,0.1
7,equnyib7,9.5
7,r7me6seg,9.5
7,skzidybm,9.0
7,i6jhquze,8.5
7,k8wfyj9b,8.5
7,z6ndprmm,8.5
7,lwirkob3,8.5
7,rq08bhu9,8.5
7,7bsixsgd,8.5
7,j6txbpz4,8.5
7,2586thss,8.5
7,bsu74y23,8.5
7,9z0lo2d1,8.5
7,6zrv687k,8.5
7,ff2zadol,8.5
7,xurttbt2,7.8
7,6it6pukx,7.5
7,876vvri8,7.5
7,n01rgqyv,7.5
7,ij9mifov,7.5
7,l1gitdmz,6.5
7,lar2m59n,6.5
7,ceatyj3o,6.5
7,6jjnhhot,6.5
7,a9f6hh7t,6.5
7,hrfbygub,5.5
7,2hchnlwb,3.5
7,j0u2e01k,3.5
7,5wz79c2l,3.5
7,zzhftw3j,3.5
7,mfu2ejwl,3.5
7,mtk3qxue,3.5
7,dm21kvnm,2.5
7,r3z1w441,2.5
7,0xj6zk31,2.5
7,smpfp34k,2.5
7,zrobpop6,2.5
7,qjab20j6,2.5
7,t35n7bk9,2.5
7,wnk44cf7,2.5
7,r8m6cgv8,2.5
7,n6b0r92e,2.5
7,ohd9y2fz,2.5
7,3pnuzxqv,2.5
7,gw2p27rc,2.5
7,m31mb2kr,2.5
7,efk5pzov,2.3
7,9ka3jdbf,2.3
7,2z14p4oh,2.0
7,22ewkwma,2.0
7,gc84k214,2.0
7,ud411cox,1.5
7,vu9b5a14,1.5
7,r4glbi6w,1.2
7,rd0g5j55,1.2
7,8mbqkzpu,1.2
7,x7f9927x,1.2
7,06glboqq,1.0
7,sctfgzdo,1.0
7,0tl1imqo,1.0
7,27875dd6,0.2
7,ngn9x3lc,0.2
7,6f8vyziv,0.2
7,zvyg2dzw,0.2
7,r707jl16,0.2
7,m9ni2883,0.2
7,7qbhepad,0.2
7,wyzb8v4a,0.2
7,mmls866r,0.2
7,a203p26f,0.2
7,fvx0xof9,0.2
7,18azv910,0.2
7,k5xpirfz,0.2
7,zea51el3,0.2
7,5afv6ki2,0.2
7,qg3il3u1,0.1
7,knbf8m4x,0.1
7,gfqbdj0h,0.1
7,531twx5p,0.1
7,iy6qzq58,0.1
7,jq1xumrh,0.1
7,vf8z02nh,0.1
7,63bos83o,0.1
7,bzwfs0i5,0.1
7,lrkscs71,0.1
7,5cyjk2tm,0.1
7,m1cmkkw3,0.1
7,pdjsy9a0,0.1
7,ruba65p5,0.1
7,tpqow3fy,0.1
7,7lohh5ty,0.1
7,jai4aj6n,0.1
7,in7he5o4,0.1
7,j9qucb0k,0.1
7,i70ztypg,0.1
7,g8v47wrz,0.1
7,a4ue2jot,0.1
7,vixb9v8v,0.1
7,on8chko9,0.0
7,hp6lwpn5,0.0
8,yh6858k6,8.5
8,73nlxqgk,8.5
8,jk7vng3v,7.5
8,7lohh5ty,7.5
8,ij9mifov,7.5
8,91lzomwp,7.5
8,nmmimc71,6.5
8,drcfdv9z,5.8
8,0q2ky9gd,3.8
8,7qzl1umz,3.5
8,5kqtxh6t,3.5
8,k8mn9xkj,2.5
8,ejv0gidp,2.5
8,sw8aleo3,2.5
8,kvuy06ln,2.5
8,a8w5cs6k,2.5
8,vpm9drvz,2.5
8,5rm1za8z,2.5
8,r9djydgi,2.5
8,30s14h9j,2.5
8,6opcjfza,2.5
8,22ewkwma,2.0
8,leedutqo,2.0
8,w1csq51z,1.5
8,63bos83o,1.5
8,qjab20j6,1.5
8,nrq4ncdf,1.5
8,xntqevam,1.5
8,8dye7e9m,1.2
8,yxuyhc7p,1.2
8,2hchnlwb,1.0
8,soov8q3q,1.0
8,8cbjhh1z,1.0
8,mkrpls2f,1.0
8,m1jpza1z,0.3
8,6sfleb1b,0.2
8,n1fabz7k,0.2
8,aaglh001,0.2
8,jppa2pbw,0.2
8,p8h6zhnk,0.2
8,nge1itgk,0.2
8,pgbrtnqi,0.2
8,8y7218oj,0.2
8,8pp9kou2,0.2
8,25dcnext,0.2
8,xrhqisii,0.2
8,4qrg6lqu,0.2
8,vuvgvz4n,0.2
8,9dn5c01n,0.2
8,u6ts87ur,0.2
8,qz68gtd4,0.2
8,m9ni2883,0.2
8,nky7bo6u,0.2
8,fq1su77a,0.2
8,tvlcsv2t,0.2
8,2hbxvvpw,0.2
8,osv673g3,0.2
8,pebc17zw,0.2
8,ovq737wt,0.2
8,xmjzgqq7,0.2
8,utg8k7qs,0.2
8,fvx0xof9,0.2
8,r707jl16,0.1
8,ttu6xum8,0.1
8,9p2n8tjx,0.1
8,4uk96af7,0.1
8,bdh9k0ja,0.1
8,xxt4g8gq,0.1
8,c6u30lwd,0.1
8,owm0ycu0,0.1
8,np9tsmvs,0.1
8,llilwq1u,0.1
8,5i66xf7d,0.1
8,z6ndprmm,0.1
8,543aq9dx,0.1
8,7v59rutb,0.1
8,e0z5ypii,0.1
8,iy6qzq58,0.1
8,mlrzfbc0,0.1
8,ews6n5qc,0.1
8,q5s79p6n,0.1
8,g06l1j0h,0.1
8,lrkscs71,0.1
8,662lpdx5,0.1
8,wuu713l2,0.1
8,mq4a4u40,0.1
8,6ws8q379,0.1
8,wae6lekm,0.1
8,m8ktaq1w,0.1
8,0r4z1zea,0.1
8,on8chko9,0.1
8,7lvyg0ea,0.1
8,zxtbnyho,0.1
8,ki0nnptv,0.1
8,ke0tkpso,0.1
8,r5te5xob,0.1
8,8ut2p9p6,0.1
8,qcpcr7uv,0.1
8,7t4d4vvo,0.1
8,6eb2jgl7,0.1
9,6hwedoh7,8.5
9,3798plin,8.5
9,3b46oj29,8.5
9,96v85b0a,7.5
9,0q2ky9gd,7.5
9,dp90eo2u,7.5
9,2qds187e,7.5
9,2jq626ye,7.5
9,74qmy02h,7.5
9,270msv5l,7.5
9,32ykxt0o,7.5
9,wdcmb4x5,6.8
9,mlrzfbc0,6.5
9,91lzomwp,6.5
9,iaceti4b,6.5
9,phepjf55,5.5
9,lbtdex4p,4.5
9,ujbclp35,3.5
9,aaglh001,3.5
9,4tk252pg,3.5
9,7bewt5q1,2.5
9,zid9e20z,2.5
9,ul8wjrmy,2.5
9,8y24j34j,2.5
9,drcfdv9z,2.5
9,wae6lekm,2.5
9,gw2cow0d,2.5
9,jkg7qkj6,2.5
9,feohfmbo,2.5
9,ndpmze2f,2.5
9,soov8q3q,2.5
9,wqwdis36,2.5
9,zwffw6ur,2.5
9,mnkj3q0t,2.0
9,84p3mem3,1.0
9,jiw3cji1,1.0
9,afwxps4b,1.0
9,vojbn0p4,1.0
9,zxtbnyho,0.2
9,7mfc4mee,0.2
9,gnxr24nr,0.2
9,ihad1sqp,0.2
9,37ojix5j,0.2
9,4twfhdtc,0.2
9,d0hrsiu3,0.2
9,g0pk8dw3,0.2
9,24lz9tf1,0.2
9,hp1gz37o,0.2
9,ttu6xum8,0.2
9,my65cift,0.2
9,ejv0gidp,0.2
9,rqo10s2g,0.2
9,hwywzb0a,0.2
9,na90gzux,0.2
9,6p0knj62,0.2
9,cmw0lgpd,0.2
9,ibmi9ln8,0.2
9,6nas74q1,0.2
9,09yxnwzy,0.2
9,3w02be5c,0.1
9,2hchnlwb,0.1
9,6sfleb1b,0.1
9,sw8aleo3,0.1
9,w1csq51z,0.1
9,bswndfvk,0.1
9,bi0tai8t,0.1
9,iwtevhmq,0.1
9,mq4a4u40,0.1
9,qqy1xgta,0.1
9,5xn4atcu,0.1
9,4jnovvnp,0.1
9,29nj4f05,0.1
9,m6abyuvx,0.1
9,t8e8m6td,0.1
9,xntqevam,0.1
9,b6l0qshz,0.1
9,f5v3hhr8,0.1
9,auum3tn7,0.1
9,xxt4g8gq,0.1
9,byxuruk1,0.1
9,hds1j5ln,0.1
9,1qyuhbz0,0.1
9,bxeoso4k,0.1
9,wuu713l2,0.1
9,ekdf65zr,0.1
9,jl3uah1i,0.1
9,zmmef8gj,0.1
9,av0wlbua,0.1
9,6xf4o3oy,0.1
9,njzyu4mv,0.1
9,x5601om8,0.1
9,w8bmmgtj,0.1
9,nzxpo4sd,0.1
9,ugbwvy6j,0.1
9,v0m0xz7z,0.1
9,7xp143nc,0.0
9,c1r10fy6,0.0
9,klzs6hqy,0.0
9,zy2yc8gs,0.0
9,vqoxd64i,0.0
10,36bfeoqv,9.0
10,7l8lqi1e,9.0
10,yc8rjjyf,9.0
10,mkv1jc7u,9.0
10,30oad29g,8.5
10,944gun8o,8.5
10,9c0zrp7p,8.5
10,b22s00es,8.5
10,lusrcpns,8.5
10,o2q488ts,8.5
10,lkoyrv3s,8.5
10,fhwgdfry,8.5
10,umvrwgaw,8.5
10,zid9e20z,8.5
10,v5surcw0,8.5
10,25dcnext,8.5
10,fuu03xxw,8.5
10,9amampof,8.5
10,2jq626ye,8.5
10,gin0b4ra,8.5
10,ndpmze2f,8.5
10,ul8wjrmy,7.8
10,yu6mw601,7.8
10,z8oh082s,7.8
10,ugbwvy6j,7.5
10,y0muda95,7.5
10,5043wcdt,7.5
10,zxe95qy9,7.5
10,dr1ym2mb,7.5
10,517gka4h,7.5
10,t0ma3duq,7.5
10,6upti3bg,7.5
10,b5rh0org,7.5
10,vg42z900,7.5
10,rvlpihri,7.5
10,h51zr96k,6.5
10,543aq9dx,6.5
10,pgbrtnqi,6.5
10,fj068j67,5.5
10,r3in76wm,5.5
10,0q2ky9gd,3.5
10,8y24j34j,3.5
10,k6ad4qgu,3.5
10,pixbry0c,3.5
10,yxtdqjay,3.5
10,dhdyxnr3,3.5
10,g06l1j0h,3.5
10,cmw0lgpd,3.5
10,9aeale78,3.5
10,qjdg46o9,3.5
10,4uk96af7,3.5
10,m5g5zaqu,2.8
10,rtlygovi,2.5
10,mciwp44p,2.5
10,aq3ho77b,2.5
10,6yu02snn,2.5
10,2o80e2pm,2.0
10,qsw8ncdw,2.0
10,out6zg61,1.2
10,qww6pe61,1.2
10,7xp143nc,1.0
10,i8gk3xi1,1.0
10,j1x7js5z,1.0
10,30s14h9j,1.0
10,inboxdth,0.2
10,a8w5cs6k,0.2
10,lu2qnxqw,0.2
10,430uul3k,0.2
10,n1fabz7k,0.2
10,964tbh7d,0.2
10,jppa2pbw,0.2
10,184kiuah,0.2
10,7mfc4mee,0.2
10,usvz287e,0.2
10,nky7bo6u,0.2
10,6p0knj62,0.2
10,vk7apmtg,0.2
10,5rm1za8z,0.2
10,7r705eqd,0.2
10,6sfleb1b,0.1
10,pdjsy9a0,0.1
10,qqy1xgta,0.1
10,ge7qt256,0.1
10,9717nzr7,0.1
10,1rhy8td0,0.1
10,feohfmbo,0.1
10,6hwedoh7,0.1
10,4mea2yo8,0.1
10,lbtdex4p,0.1
10,kvuy06ln,0.1
10,cai6tqxq,0.1
10,bdh9k0ja,0.1
10,njzyu4mv,0.1
10,d8p8elen,0.1
10,xrhqisii,0.1
10,zxtbnyho,0.1
10,dp90eo2u,0.1
10,4fmcwf9x,0.1
10,nzxpo4sd,0.1
10,slxdonqi,0.1
11,fec4kt20,8.5
11,mzn448zk,8.5
11,jk7vng3v,7.8
11,2jq626ye,7.5
11,9nl6nein,7.5
11,0dpqgi1r,7.5
11,hcpa8ej5,4.5
11,2hchnlwb,3.5
11,x2ykm7gq,3.5
11,tmydzyiq,3.5
11,k8mn9xkj,3.5
11,ul91jrpd,3.5
11,0q2ky9gd,2.5
11,k4qwb7k8,2.5
11,845w9r6l,2.5
11,ki0nnptv,2.5
11,eevouvfq,2.5
11,dwt0h2tg,2.5
11,6ialz79k,2.5
11,lb1lsp09,2.5
11,dqfvrerw,2.5
11,91lzomwp,2.5
11,f7gv18qq,2.0
11,jfp9uumb,1.5
11,cxxk09t2,1.5
11,9kw5r0bw,1.0
11,pnnkfid0,1.0
11,z8goazar,1.0
11,5043wcdt,1.0
11,zc9beurr,1.0
11,r5te5xob,1.0
11,n6b0r92e,1.0
11,3zh8jmc2,1.0
11,wccv8a9s,1.0
11,0tqwjdhd,0.3
11,8t6rsvqz,0.2
11,543aq9dx,0.2
11,mciwp44p,0.2
11,ttu6xum8,0.2
11,x2krb0pq,0.2
11,b04lq3b2,0.2
11,xrhqisii,0.2
11,e67ky5tr,0.2
11,absjerdt,0.2
11,1zpcijm0,0.2
11,8cbjhh1z,0.2
11,65yov3n4,0.2
11,37ojix5j,0.2
11,vt96fwgu,0.2
11,sdlhh79b,0.2
11,m855sd72,0.2
11,a8w5cs6k,0.2
11,raayrjmd,0.2
11,g0pk8dw3,0.2
11,4fh74es6,0.2
11,1x2urcj9,0.2
11,cin2qol8,0.2
11,6a3ga6v9,0.2
11,0nezjes6,0.2
11,6f8vyziv,0.2
11,sd3lqg4h,0.2
11,gx5mw6jo,0.2
11,w52dc97h,0.2
11,2b1vjhgn,0.2
11,3epjrjwa,0.1
11,m9ni2883,0.1
11,sx9r8gth,0.1
11,531twx5p,0.1
11,k3z30aaw,0.1
11,z6ndprmm,0.1
11,wl7mff4t,0.1
11,bbjmcdo5,0.1
11,ltdajnyy,0.1
11,eiqypt0m,0.1
11,vg42z900,0.1
11,vixb9v8v,0.1
11,klzs6hqy,0.1
11,bxeoso4k,0.1
11,6sfleb1b,0.1
11,dhdyxnr3,0.1
11,w1csq51z,0.1
11,iy6qzq58,0.1
11,ak17aznz,0.1
11,xxt4g8gq,0.1
11,q5s79p6n,0.1
11,ge7qt256,0.1
11,sluqq1px,0.1
11,fmgnavfq,0.1
11,llilwq1u,0.1
11,locc5lgj,0.1
11,gw2cow0d,0.1
11,owm0ycu0,0.1
11,7lohh5ty,0.1
11,lbtdex4p,0.1
11,f9tg6xsg,0.1
11,7qd03xfi,0.0
11,usvz287e,0.0
11,3vkxrsbd,0.0
11,bzwfs0i5,0.0
11,nepgttxf,0.0
12,2jq626ye,9.5
12,9kw5r0bw,9.0
12,zxe95qy9,8.5
12,dr1ym2mb,8.5
12,0dpqgi1r,8.5
12,ltdajnyy,8.5
12,5043wcdt,8.5
12,25dcnext,8.5
12,s25jy7ur,8.5
12,o2q488ts,8.5
12,7lohh5ty,8.5
12,qfl3i7c6,8.5
12,7l8lqi1e,8.5
12,h1eqnzn3,8.5
12,5bjkn2j2,8.5
12,jfp9uumb,7.5
12,er9kqdjw,7.5
12,0tqwjdhd,7.5
12,kfbbhh09,7.5
12,jk7vng3v,6.8
12,uvs3waq5,6.5
12,tmydzyiq,4.5
12,mzn448zk,4.5
12,c022ogee,4.5
12,0q2ky9gd,3.5
12,k4qwb7k8,3.5
12,nhs5uocx,3.5
12,4qrg6lqu,3.5
12,zssgqpv7,3.5
12,u6l7gzax,3.5
12,ozigndov,3.5
12,stteun89,2.5
12,zid9e20z,2.5
12,iv753tly,2.5
12,k3z30aaw,2.5
12,8y24j34j,2.5
12,ul8wjrmy,2.5
12,vmmlxr0o,2.5
12,bzex0385,2.5
12,7qd03xfi,2.5
12,qjab20j6,2.5
12,jd4ym0u7,2.5
12,klzs6hqy,2.5
12,84p3mem3,2.5
12,1c1y49yo,2.5
12,uplr1gls,1.5
12,c7ftqru8,1.5
12,4h02bb70,1.2
12,cmw0lgpd,1.0
12,gl9cjmno,1.0
12,kvuy06ln,1.0
12,l9c1x7tb,1.0
12,t7004uw2,1.0
12,ylpa702c,1.0
12,ekdf65zr,1.0
12,ge7qt256,1.0
12,4y5ofjgt,1.0
12,x2ykm7gq,0.3
12,2hchnlwb,0.2
12,543aq9dx,0.2
12,dhdyxnr3,0.2
12,ezz0fcbb,0.2
12,pdjsy9a0,0.2
12,lbtdex4p,0.2
12,qfv8ifvl,0.2
12,i70ztypg,0.2
12,cxnoemdo,0.2
12,iy6qzq58,0.2
12,va77ivw7,0.2
12,8cbjhh1z,0.2
12,6zrv687k,0.2
12,mciwp44p,0.2
12,bw6ralqj,0.2
12,5xn4atcu,0.2
12,7lvyg0ea,0.2
12,0xwkte0d,0.2
12,qz68gtd4,0.2
12,2tji14il,0.2
12,rd0g5j55,0.2
12,6sfleb1b,0.1
12,r6xo0hqi,0.1
12,7mfc4mee,0.1
12,7xp143nc,0.1
12,njzyu4mv,0.1
12,37ojix5j,0.1
12,9pmg7l7h,0.1
12,xd3zxx0c,0.1
12,mj63cvwe,0.1
12,bdh9k0ja,0.1
12,kg1v0pz0,0.1
12,afwxps4b,0.1
12,bxeoso4k,0.1
12,pjearubt,0.1
12,dp90eo2u,0.1
12,n6b0r92e,0.1
12,zec9pnet,0.1
12,zy2yc8gs,0.1
12,bswndfvk,0.1
12,drhl264f,0.1
12,qqy1xgta,0.0
13,4rj2agn2,9.0
13,t14wnsi1,9.0
13,tvlpu6j4,8.5
13,x4hdxx1t,8.5
13,q9lfnu6s,8.5
13,7x1mqqmf,8.5
13,jiw3cji1,8.5
13,a8w5cs6k,8.5
13,hp5x637c,8.5
13,g7pigmgc,8.5
13,2jq626ye,8.5
13,2yhbopjy,8.5
13,cin2qol8,8.5
13,8y24j34j,7.5
13,g06l1j0h,7.5
13,jy63p793,7.5
13,6eb2jgl7,7.5
13,gs75ebo4,7.5
13,4fmcwf9x,7.5
13,9xbu4hnq,7.5
13,ekdf65zr,7.5
13,26pbzbxz,7.5
13,aq3ho77b,7.5
13,36gbl7tu,7.5
13,vpm9drvz,7.5
13,jm3uzg2i,7.5
13,9hrp07zo,7.5
13,803pdzy7,6.8
13,qh1barua,6.5
13,zfpg6dgj,6.5
13,cxnoemdo,6.5
13,do19p0xi,6.5
13,xd3zxx0c,3.5
13,6sfleb1b,3.5
13,nzxpo4sd,3.5
13,bjb38t6o,3.5
13,30s14h9j,3.5
13,m5g5zaqu,3.2
13,hwywzb0a,3.0
13,7mfc4mee,2.5
13,qqy1xgta,2.5
13,t6cnjwpd,2.5
13,9e9523i8,2.5
13,pebc17zw,2.5
13,sx001m2a,2.5
13,x6uatd7j,2.5
13,p6a3j6mr,2.5
13,1t8jmunt,2.5
13,mwew2dbb,2.5
13,e1yzrc6n,1.5
13,yqgx4bmg,1.0
13,fyrvu4u6,1.0
13,782iew86,1.0
13,kfwbqp4p,1.0
13,gnz96tzj,1.0
13,662lpdx5,1.0
13,2hbxvvpw,0.3
13,jy7j8sh0,0.3
13,7xp143nc,0.2
13,njzyu4mv,0.2
13,c1r10fy6,0.2
13,bdh9k0ja,0.2
13,pdjsy9a0,0.2
13,zy5m8xc8,0.2
13,fbe47bgi,0.2
13,nfibuobt,0.2
13,i8gk3xi1,0.2
13,82nhvcdw,0.2
13,2hchnlwb,0.2
13,weiqdxi7,0.2
13,5gp8wg9w,0.2
13,yrju4spi,0.2
13,cj4zlr3c,0.2
13,6nas74q1,0.2
13,qz68gtd4,0.2
13,zxtbnyho,0.1
13,kvuy06ln,0.1
13,bswndfvk,0.1
13,b6l0qshz,0.1
13,3009k19l,0.1
13,pjdogrs4,0.1
13,jai4aj6n,0.1
13,raikpuro,0.1
13,t0tewgvx,0.1
13,feohfmbo,0.1
13,f2vds1n7,0.1
13,mmd8ru3r,0.1
13,6r7d5n3l,0.1
13,mq4a4u40,0.1
13,02bo7pnl,0.1
13,p6ikd8ns,0.1
13,uj5gcvmd,0.1
13,8y7218oj,0.1
13,cqx9pjzr,0.1
13,ap4ro5me,0.1
13,wu7i548j,0.1
13,nquw7qga,0.1
13,uy90ulsy,0.1
13,6whm93w0,0.1
13,zmmef8gj,0.0
14,q9lfnu6s,9.0
14,24lz9tf1,9.0
14,iy6qzq58,8.7
14,4rj2agn2,8.5
14,pue5q5wp,8.5
14,tg6s41y3,5.5
14,k8mn9xkj,5.5
14,7lohh5ty,3.5
14,7mfc4mee,3.5
14,aq3ho77b,3.5
14,7lvyg0ea,2.5
14,u6ts87ur,2.5
14,ejv0gidp,2.5
14,6eb2jgl7,2.5
14,n6b0r92e,2.5
14,96v85b0a,2.5
14,hr99dwi7,2.5
14,ul8wjrmy,2.5
14,ttu6xum8,2.5
14,gnz96tzj,2.5
14,qbt142yj,2.3
14,2p7qrgx0,2.0
14,grgbjt2u,2.0
14,zfpg6dgj,1.5
14,xrhqisii,1.2
14,b9dk07tk,1.0
14,mkrpls2f,1.0
14,5qioku84,1.0
14,fvx0xof9,0.7
14,2hbxvvpw,0.3
14,63bos83o,0.2
14,feohfmbo,0.2
14,2hchnlwb,0.2
14,p9mbmfaq,0.2
14,ri7v2ka3,0.2
14,lrkscs71,0.2
14,xd3zxx0c,0.2
14,cqx9pjzr,0.2
14,0aiaklrn,0.2
14,weiqdxi7,0.2
14,8y24j34j,0.2
14,ovq737wt,0.2
14,nfibuobt,0.2
14,bcwcjf01,0.2
14,k8jzzqj0,0.2
14,qtwcbn7m,0.2
14,qdbcdn2j,0.2
14,llilwq1u,0.2
14,dhdyxnr3,0.2
14,vj4rvfte,0.2
14,z6ndprmm,0.2
14,vpm9drvz,0.2
14,2glwghfn,0.2
14,bea9x5j1,0.2
14,usvz287e,0.2
14,8iq93l2n,0.2
14,nge1itgk,0.2
14,5i66xf7d,0.2
14,pznpngmv,0.2
14,ndsc0rif,0.2
14,zxtbnyho,0.1
14,6sfleb1b,0.1
14,dzl07bs1,0.1
14,pdjsy9a0,0.1
14,uota1gu0,0.1
14,njzyu4mv,0.1
14,vn3gkugz,0.1
14,nzxpo4sd,0.1
14,bzex0385,0.1
14,k3z30aaw,0.1
14,33zi29bg,0.1
14,lar2m59n,0.1
14,yxuyhc7p,0.1
14,bswndfvk,0.1
14,nc96kxip,0.1
14,mq4a4u40,0.1
14,b6l0qshz,0.1
14,ap4ro5me,0.1
14,qqy1xgta,0.1
14,kvuy06ln,0.1
14,1wl7i7ch,0.1
14,wybmer7o,0.1
14,c2qdkz3o,0.1
14,bjg20xnk,0.1
14,5kyqqaic,0.1
14,vixb9v8v,0.1
14,zy3ynp7q,0.1
14,t8e8m6td,0.1
14,594mmlk8,0.1
14,cr0zskcw,0.1
14,ocg5siiy,0.1
14,cai6tqxq,0.1
14,z11eyby6,0.1
14,slxdonqi,0.1
14,ugbwvy6j,0.1
14,22ewkwma,0.1
14,qb7umsyu,0.1
14,8ut2p9p6,0.1
14,1rhy8td0,0.0
14,7750z41g,0.0
15,8y24j34j,8.5
15,2jq626ye,8.5
15,xwxgvdvp,8.5
15,jk7vng3v,8.5
15,qz68gtd4,7.5
15,3owcqt3d,7.5
15,vpm9drvz,7.5
15,994731g9,7.5
15,fbe47bgi,6.5
15,vmmlxr0o,6.5
15,5uzp3l0r,6.5
15,e1yzrc6n,6.5
15,m1jpza1z,6.5
15,2sm0pgt7,5.5
15,26pbzbxz,4.5
15,iblo9m4q,3.5
15,qcmsmfad,3.5
15,5lqy1gjj,3.5
15,dv04is8u,3.5
15,ibmi9ln8,2.5
15,feohfmbo,2.5
15,3009k19l,2.5
15,hwywzb0a,2.5
15,g06l1j0h,2.5
15,928pkpv2,2.5
15,1ct93xjk,2.0
15,gb1txu1o,2.0
15,mciwp44p,2.0
15,n5jgkq0m,2.0
15,gs75ebo4,1.2
15,fmgnavfq,1.2
15,lfvso15k,1.2
15,sufwsu77,1.2
15,6nas74q1,1.0
15,30s14h9j,1.0
15,18js044m,1.0
15,36gbl7tu,1.0
15,kesr5rkj,1.0
15,t7qk6evo,1.0
15,4qrg6lqu,1.0
15,7mfc4mee,0.2
15,ekdf65zr,0.2
15,llilwq1u,0.2
15,d5d3y7jf,0.2
15,x4hdxx1t,0.2
15,9e9523i8,0.2
15,bzex0385,0.2
15,kvuy06ln,0.2
15,l1lq8yga,0.2
15,3o0hv92q,0.2
15,64l96jwp,0.2
15,3zevsk0w,0.2
15,0xwkte0d,0.2
15,bzwfs0i5,0.2
15,cxnoemdo,0.2
15,f2vds1n7,0.2
15,803pdzy7,0.2
15,4enavqde,0.2
15,ttu6xum8,0.2
15,8ut2p9p6,0.2
15,wae6lekm,0.2
15,tkjkjd7w,0.2
15,jy7j8sh0,0.2
15,qva0jt86,0.2
15,uodw4iba,0.2
15,owm0ycu0,0.2
15,4cniomio,0.2
15,e67ky5tr,0.2
15,jai4aj6n,0.2
15,bjb38t6o,0.2
15,zxtbnyho,0.1
15,1qyuhbz0,0.1
15,6sfleb1b,0.1
15,782iew86,0.1
15,bi0tai8t,0.1
15,bswndfvk,0.1
15,pjdogrs4,0.1
15,nrq4ncdf,0.1
15,tvlpu6j4,0.1
15,xd3zxx0c,0.1
15,cj4zlr3c,0.1
15,njzyu4mv,0.1
15,5gp8wg9w,0.1
15,ovq737wt,0.1
15,6r7d5n3l,0.1
15,c1r10fy6,0.1
15,b6l0qshz,0.1
15,7xp143nc,0.1
15,av0wlbua,0.1
15,vf8z02nh,0.1
15,5ka9909n,0.1
15,xxt4g8gq,0.1
15,sluqq1px,0.1
15,cqx9pjzr,0.1
15,7e8px4vx,0.1
15,7s2m9v2k,0.1
15,sybnnma7,0.0
15,mmd8ru3r,0.0
15,33zi29bg,0.0
15,zmmef8gj,0.0
16,pue5q5wp,8.5
16,9l8nuz5g,7.5
16,xv3s8iao,6.5
16,2jq626ye,4.5
16,qz68gtd4,2.5
16,3868zydj,2.5
16,pzc4ivvg,2.5
16,howix091,2.5
16,9kizif98,2.5
16,w1csq51z,1.5
16,eanuy3iu,1.2
16,8y24j34j,1.0
16,18js044m,1.0
16,917uwsgx,1.0
16,xwxgvdvp,0.2
16,furt6xcn,0.2
16,jk7vng3v,0.2
16,zxtbnyho,0.2
16,llilwq1u,0.2
16,3009k19l,0.2
16,7e8px4vx,0.2
16,5lqy1gjj,0.2
16,ee0ai7p5,0.2
16,cqx9pjzr,0.2
16,ibmi9ln8,0.2
16,jozdnhgy,0.2
16,4qrg6lqu,0.2
16,iblo9m4q,0.2
16,x4hdxx1t,0.2
16,4fh74es6,0.2
16,3v97gcjc,0.2
16,b41j1ilr,0.2
16,n5jgkq0m,0.2
16,3no74e74,0.2
16,t8vmow9s,0.2
16,mxdlszoq,0.2
16,jb9kg3h0,0.2
16,k8mn9xkj,0.2
16,m855sd72,0.2
16,vuvgvz4n,0.2
16,z3in6bi2,0.2
16,iaceti4b,0.2
16,6nas74q1,0.1
16,7mfc4mee,0.1
16,kvuy06ln,0.1
16,1ct93xjk,0.1
16,p8h6zhnk,0.1
16,nrq4ncdf,0.1
16,mciwp44p,0.1
16,tkjkjd7w,0.1
16,bzwfs0i5,0.1
16,t7qk6evo,0.1
16,y9ezh49z,0.1
16,bzex0385,0.1
16,ttu6xum8,0.1
16,0xwkte0d,0.1
16,3saha2xq,0.1
16,24lz9tf1,0.1
16,13cii3on,0.1
16,xonek1g9,0.1
16,ms9qmisu,0.1
16,sufwsu77,0.1
16,9e9523i8,0.1
16,mmd8ru3r,0.1
16,t8e8m6td,0.1
16,vy0v0vkd,0.1
16,xxt4g8gq,0.1
16,5i66xf7d,0.1
16,njzyu4mv,0.1
16,qva0jt86,0.1
16,c6u30lwd,0.1
16,sdlhh79b,0.1
16,wae6lekm,0.1
16,5ka9909n,0.1
16,k9yjwnmt,0.1
16,g0pk8dw3,0.1
16,azvscejw,0.1
16,wbh06gzb,0.1
16,ekdf65zr,0.1
16,m6abyuvx,0.1
16,8pp9kou2,0.1
16,h776lmke,0.1
16,o4k7auph,0.1
16,1r1ueuk2,0.1
16,h9a81zoj,0.1
16,aq0e30o2,0.1
16,ud411cox,0.1
16,33zi29bg,0.1
16,7xauocti,0.1
16,8ut2p9p6,0.1
16,ak17aznz,0.0
16,6sfleb1b,0.0
16,eiqypt0m,0.0
16,d5d3y7jf,0.0
16,kbk9c5ck,0.0
16,f2vds1n7,0.0
16,c1r10fy6,0.0
16,sybnnma7,0.0
16,zmmef8gj,0.0
16,782iew86,0.0
17,2jq626ye,9.5
17,96v85b0a,9.0
17,5wz79c2l,8.5
17,qjab20j6,8.5
17,akri8qdk,8.5
17,ejv0gidp,8.5
17,fneo7cps,8.5
17,pnqlkgdj,8.5
17,u6ts87ur,8.5
17,ttu6xum8,8.5
17,a9o2dvke,8.5
17,abyxz7jw,8.5
17,fvx0xof9,8.5
17,270msv5l,8.5
17,24lz9tf1,7.5
17,odu5rl5q,7.5
17,m1jpza1z,7.5
17,531twx5p,7.5
17,g6ki6vyy,7.5
17,cxxk09t2,7.5
17,nepgttxf,6.8
17,n2ncamqh,5.8
17,a4ue2jot,4.5
17,vu9b5a14,3.5
17,543aq9dx,3.5
17,63bos83o,3.0
17,o55s1j25,2.5
17,1wl7i7ch,2.5
17,7l8lqi1e,2.5
17,epkw6222,2.5
17,ypefqm71,2.5
17,wg49stl6,2.5
17,tty2y9cv,2.5
17,drhl264f,2.5
17,xrhqisii,2.5
17,apy4zf3h,2.5
17,gnbpngef,2.5
17,ap4ro5me,2.0
17,hrfbygub,1.2
17,cxnoemdo,1.2
17,lhl4xj3l,1.0
17,25ykas09,1.0
17,bjg20xnk,1.0
17,bw6ralqj,1.0
17,auum3tn7,1.0
17,9l8nuz5g,1.0
17,dtvzwin8,1.0
17,xxt4g8gq,0.2
17,yxuyhc7p,0.2
17,22ewkwma,0.2
17,8dye7e9m,0.2
17,61cl4k8k,0.2
17,876vvri8,0.2
17,5j2n0l78,0.2
17,m8ktaq1w,0.2
17,n6b0r92e,0.2
17,3pnuzxqv,0.2
17,jq1xumrh,0.2
17,9717nzr7,0.2
17,6o0yrkdi,0.2
17,s5k59eq8,0.2
17,7lohh5ty,0.2
17,8pqf7dnm,0.2
17,22ylifqo,0.2
17,vixb9v8v,0.2
17,8dkj6ps3,0.2
17,li48ej86,0.2
17,7t4d4vvo,0.2
17,m3skoj50,0.2
17,j9qmw4zy,0.2
17,m31mb2kr,0.2
17,2hchnlwb,0.1
17,9p2n8tjx,0.1
17,8dbenul1,0.1
17,i70ztypg,0.1
17,5yhoiv76,0.1
17,njzyu4mv,0.1
17,klzs6hqy,0.1
17,7xp143nc,0.1
17,i7x50taa,0.1
17,bxbogskm,0.1
17,ews6n5qc,0.1
17,k3z30aaw,0.1
17,on8chko9,0.1
17,8n0tvm0w,0.1
17,bswndfvk,0.1
17,i99pgmd1,0.1
17,9kw5r0bw,0.1
17,xyc6a1fw,0.1
17,d0eur1hq,0.1
17,gtbkrrsr,0.1
17,cyrijv7b,0.1
17,bqount8a,0.1
17,kxrzv16n,0.1
17,w1csq51z,0.1
17,mugsglc0,0.1
17,ekdf65zr,0.1
17,xypscjiq,0.1
17,aidohvlu,0.1
17,2bsk6oh7,0.1
18,5043wcdt,9.0
18,3kzuvyqx,9.0
18,36bfeoqv,8.5
18,hq0owf31,8.5
18,baxxcyji,8.5
18,2r62jqsx,8.5
18,2jq626ye,8.5
18,r3in76wm,8.5
18,s25jy7ur,8.5
18,5bjkn2j2,8.5
18,mewo9w43,8.5
18,dhdyxnr3,8.5
18,326ezqdc,8.5
18,vmmlxr0o,8.5
18,ylpa702c,8.5
18,9a163ad7,8.5
18,9rxv6fy9,8.5
18,u6ts87ur,8.5
18,jydbfyvn,8.5
18,a9o2dvke,8.5
18,2ax1e7zw,8.5
18,j35b7917,8.5
18,4h02bb70,8.5
18,69tz7sph,8.5
18,184kmuiy,8.5
18,a05ev6dx,8.5
18,umvrwgaw,7.8
18,543aq9dx,7.5
18,pp8kmpz7,7.5
18,mnvievju,7.5
18,6zrv687k,7.5
18,72oh3vze,7.5
18,26pbzbxz,7.5
18,qevosik3,7.5
18,opmzutdq,7.5
18,2yhbopjy,7.5
18,c6elsnag,7.5
18,j68x0yd1,7.5
18,qnya50mf,7.5
18,rkdvds4t,7.5
18,ul8wjrmy,6.8
18,iv753tly,6.8
18,n55xvwkf,6.8
18,0q2ky9gd,6.5
18,270msv5l,6.5
18,z8goazar,6.5
18,9l8nuz5g,6.5
18,odu5rl5q,4.5
18,jd4ym0u7,4.5
18,8pqf7dnm,4.5
18,qij0248p,2.5
18,k3z30aaw,2.5
18,dg10rf2f,2.5
18,xcrm9b5u,2.5
18,oyajv16r,2.5
18,tm7krxxw,2.5
18,jppjqdi0,2.5
18,j9qmw4zy,2.5
18,c2qdkz3o,2.0
18,dzzlpz4o,2.0
18,25cawzi0,2.0
18,n6b0r92e,1.5
18,qe5lg8jn,1.0
18,akri8qdk,1.0
18,j6txbpz4,1.0
18,6u80p5sj,0.3
18,2hchnlwb,0.2
18,dc7fn26s,0.2
18,kn49944q,0.2
18,chy7096f,0.2
18,t8vmow9s,0.2
18,uq88w4fm,0.2
18,9pmg7l7h,0.2
18,feohfmbo,0.2
18,4jnovvnp,0.2
18,ye3k61vt,0.2
18,mzsoh16g,0.2
18,jppa2pbw,0.2
18,6ws8q379,0.2
18,fneo7cps,0.2
18,hwywzb0a,0.2
18,o1x8c9o4,0.2
18,1fgz2fyr,0.2
18,upuy8wvc,0.2
18,9717nzr7,0.1
18,4jdn4kw6,0.1
18,r6xo0hqi,0.1
18,pdjsy9a0,0.1
18,1k2kfzfx,0.1
18,6sfleb1b,0.1
18,bxeoso4k,0.1
18,5hifn0cf,0.1
18,ibmi9ln8,0.1
18,0tk38fs4,0.1
18,iy6qzq58,0.1
18,bzex0385,0.1
18,kvuy06ln,0.1
18,ev4pasbk,0.1
18,wrru98zg,0.1
18,txjj28jq,0.1
19,qs7eo6v6,9.0
19,9l8nuz5g,8.5
19,z8goazar,8.5
19,08dljap3,8.5
19,p2buyrcj,8.5
19,2jq626ye,8.5
19,nm9lo1ov,8.5
19,ylpa702c,8.0
19,6ws8q379,8.0
19,zgd60laj,7.5
19,xsh5bwcx,7.5
19,917uwsgx,7.5
19,ofpcgxce,7.5
19,cjqsaepz,7.5
19,zx6m2zgi,7.5
19,994731g9,7.5
19,pzc4ivvg,6.5
19,gzl4zvhy,6.5
19,zhauwxye,5.0
19,87v65ge6,3.5
19,vyjfni1v,3.5
19,femlz8z2,3.5
19,270msv5l,3.5
19,mfu2ejwl,3.5
19,i03fyaz8,2.5
19,zssgqpv7,2.5
19,y9ezh49z,2.5
19,517gka4h,2.5
19,a9o2dvke,2.5
19,k5g8ebqg,2.5
19,pnqlkgdj,2.5
19,8bx0y6g9,2.0
19,mzsoh16g,1.2
19,2h6es4x4,1.2
19,lq8h1pc6,1.2
19,u6ts87ur,1.0
19,t0oz35cm,1.0
19,2tji14il,0.2
19,8n0tvm0w,0.2
19,vmmlxr0o,0.2
19,k3z30aaw,0.2
19,mx6i2781,0.2
19,kxrzv16n,0.2
19,ndsc0rif,0.2
19,kn49944q,0.2
19,zwffw6ur,0.2
19,543aq9dx,0.2
19,9zl1yb1z,0.2
19,pjdogrs4,0.2
19,fvx0xof9,0.2
19,85kn968m,0.2
19,rq08bhu9,0.2
19,v06dpgoi,0.2
19,gvom0f13,0.2
19,yxuyhc7p,0.2
19,dtvzwin8,0.2
19,qevosik3,0.2
19,x2ykm7gq,0.2
19,36bfeoqv,0.2
19,mid2w6yo,0.1
19,c2qdkz3o,0.1
19,4hygz05o,0.1
19,cy7j31wq,0.1
19,kvuy06ln,0.1
19,9717nzr7,0.1
19,drhl264f,0.1
19,7ydmp1pd,0.1
19,s4xlrav8,0.1
19,7lohh5ty,0.1
19,rd0g5j55,0.1
19,on8chko9,0.1
19,t7004uw2,0.1
19,25ykas09,0.1
19,dvw4ajtv,0.1
19,iy6qzq58,0.1
19,zar4py7o,0.1
19,594mmlk8,0.1
19,llilwq1u,0.1
19,vhk8yho9,0.1
19,0vlkahyu,0.1
19,usvz287e,0.1
19,c5r1v8me,0.1
19,gc84k214,0.1
19,7mfc4mee,0.1
19,mwew2dbb,0.1
19,dzl07bs1,0.1
19,gfqbdj0h,0.1
19,bjg20xnk,0.1
19,73mqgofa,0.1
19,jzwcy7dr,0.1
19,rb9xdzro,0.1
19,wfkk7dsm,0.1
19,nfibuobt,0.1
19,fsxcw36r,0.1
19,o1x8c9o4,0.1
19,n01rgqyv,0.1
19,bqount8a,0.1
19,lar2m59n,0.0
19,1rhy8td0,0.0
19,2z14p4oh,0.0
20,2jq626ye,9.5
20,67rycbiy,9.2
20,r8fmq65g,9.0
20,0qkzd2w4,9.0
20,t7rxmzvi,8.6
20,3lg076wx,8.5
20,etzzlryf,8.5
20,ftqtubid,8.5
20,4chfqgrc,8.5
20,57q69icp,8.5
20,7s25wc6p,8.5
20,aj7ybyl0,8.5
20,ttgs3ut9,8.5
20,vhlshqbc,8.5
20,ltbqowhv,8.5
20,arczqdza,8.5
20,p37rw8dh,8.5
20,6ek80l79,8.5
20,mx4t6s6n,8.5
20,w3baah6c,8.5
20,hzr4oel0,8.5
20,0ic7twhy,8.5
20,gk84fnb9,8.5
20,b5rh0org,8.5
20,2zj8gkif,8.5
20,h8s067qr,8.5
20,226ne81d,8.5
20,ary5eafy,8.5
20,2vo80sry,8.5
20,270msv5l,8.5
20,qk37euo4,8.5
20,nxx22lcu,8.5
20,xzb0sw2z,8.5
20,fdjjl1h7,7.5
20,wgl146rn,7.5
20,0rmuvb5i,7.5
20,k7myxo6p,7.5
20,0vozochc,7.5
20,sdjqth8d,7.5
20,k2crv9qb,7.5
20,7h8vvim7,7.5
20,wup6tig0,7.5
20,a9sj00y8,7.5
20,3zh8jmc2,7.5
20,7krm2d20,7.5
20,797781dl,7.5
20,7lyccvm5,7.5
20,rcq7435y,7.5
20,pn1dv5hi,7.5
20,04rqb236,6.5
20,o7ttiu97,6.5
20,pnroqceq,3.8
20,8puran80,3.5
20,mtgtss0m,3.5
20,onpmkjaz,3.5
20,t0oz35cm,2.5
20,tsuz3j40,2.5
20,24lz9tf1,2.5
20,mwew2dbb,2.5
20,zkudc8ww,1.0
20,ndsc0rif,1.0
20,2yhbopjy,1.0
20,m1jpza1z,0.3
20,d99opco3,0.3
20,swydza6s,0.3
20,hynkb0a8,0.2
20,cin2qol8,0.2
20,473qbg0u,0.2
20,diemj28t,0.2
20,i8znp72t,0.2
20,fyztb8d9,0.2
20,f59c4idd,0.2
20,cxxk09t2,0.2
20,d93d3mds,0.2
20,8mbqkzpu,0.2
20,xibqsjib,0.2
20,5dmrpes6,0.2
20,q46tddfh,0.2
20,e2txo10z,0.2
20,p6ikd8ns,0.1
20,p7feodk1,0.1
20,9717nzr7,0.1
20,fvfl0bn1,0.1
20,mjx8jmz8,0.1
20,r2sz2dm9,0.1
20,av2gxfxy,0.1
20,z6ndprmm,0.1
20,nepgttxf,0.1
20,ehoo6fcr,0.1
20,rhld75dy,0.1
20,vnwpzsu8,0.1
20,0oq4kkn5,0.1
20,f0ncxqbx,0.1
20,5yhoiv76,0.1
20,dzl07bs1,0.1
20,b6l0qshz,0.1
20,u1xbkaq0,0.1
20,qwrdr92h,0.1
20,9wyb7l3o,0.1
20,nybuhief,0.0
21,rw27f7qh,9.5
21,cq27eq5h,9.5
21,lq9tp20z,9.5
21,ihad1sqp,8.5
21,k8mn9xkj,8.5
21,36fljyl2,8.5
21,30ulsqqu,8.5
21,n0s0cyv2,8.5
21,fg0svwx9,8.5
21,j5p5mtiq,8.5
21,t7qk6evo,8.5
21,0jlsaypc,8.5
21,40n3g79a,8.5
21,a4bspoii,8.5
21,mu5u5bvj,8.5
21,y5t5wuha,8.5
21,4t4ai34e,8.5
21,qpjvmwmp,7.8
21,hnk7ok3f,7.5
21,ya9klbbm,7.5
21,ozigndov,7.5
21,w0763esk,7.5
21,zshd7i9i,7.5
21,b41j1ilr,7.5
21,zkgprc4u,7.5
21,3b46oj29,6.8
21,owm0ycu0,6.5
21,66yurgph,6.5
21,94pkc7r5,3.5
21,5i66xf7d,3.5
21,ghm1hvei,3.5
21,5kqtxh6t,3.5
21,3o0hv92q,2.5
21,tvlcsv2t,2.5
21,xna32qve,2.5
21,ejv0gidp,2.5
21,sw8aleo3,2.5
21,645zegcv,2.5
21,c3fytzu3,1.5
21,644lf8vn,1.0
21,dyxjpqfe,1.0
21,piyo00yg,1.0
21,iryb3v0z,0.7
21,uzksol4p,0.3
21,jy7j8sh0,0.3
21,xrhqisii,0.2
21,dwt0h2tg,0.2
21,23mxohid,0.2
21,g0pk8dw3,0.2
21,bm7i52gm,0.2
21,4wtt935o,0.2
21,6sfleb1b,0.2
21,htmnmiqz,0.2
21,aaglh001,0.2
21,sptpg8uw,0.2
21,1x2urcj9,0.2
21,i1pjikyv,0.2
21,u86icqcc,0.2
21,aj8nxi3x,0.2
21,wrru98zg,0.2
21,1qhferax,0.2
21,h7lvun9a,0.2
21,3ha96who,0.2
21,ao5676lc,0.2
21,g06l1j0h,0.2
21,vg42z900,0.2
21,1zpcijm0,0.2
21,vxk7uqlc,0.2
21,9yzum3er,0.2
21,4uk96af7,0.1
21,qtfdtfq4,0.1
21,zc1vih5s,0.1
21,ge7qt256,0.1
21,zjv6gmul,0.1
21,ltdajnyy,0.1
21,2hchnlwb,0.1
21,wxparyeg,0.1
21,0ysi263r,0.1
21,hbcr9kbm,0.1
21,4fmcwf9x,0.1
21,cwetpnei,0.1
21,9p2n8tjx,0.1
21,vlns6j0j,0.1
21,7mfc4mee,0.1
21,wl7mff4t,0.1
21,nfibuobt,0.1
21,05u4t67u,0.1
21,b6l0qshz,0.1
21,e3522foi,0.1
21,nxw5k9y1,0.1
21,bswndfvk,0.1
21,n1fabz7k,0.1
21,wale2wiu,0.1
21,lbtdex4p,0.1
21,z8cbbit3,0.1
21,klzs6hqy,0.0
21,zmmef8gj,0.0
21,1lg2203q,0.0
21,zy2yc8gs,0.0
21,lof5hdjy,0.0
22,v0m0xz7z,8.5
22,fq1su77a,8.5
22,nvaofi1k,8.5
22,1qhferax,8.5
22,mahp1wkn,8.5
22,5b4jzj3w,8.5
22,15c85zi4,8.5
22,wb150n8w,8.5
22,nlaiurau,7.5
22,0jp0z5kp,7.5
22,af94djog,7.5
22,fg0svwx9,7.5
22,473qbg0u,7.5
22,fvrd128w,7.5
22,2yhbopjy,7.5
22,at3jjjnb,6.5
22,2c12telo,6.5
22,zwffw6ur,6.5
22,n3o8lwu4,6.5
22,b5rh0org,5.5
22,wjm11xzr,4.5
22,p8h6zhnk,3.5
22,r2fkckdx,3.5
22,30s14h9j,3.5
22,utsvsja0,2.5
22,ihad1sqp,2.5
22,rh29mtrm,2.5
22,s0otfnjw,2.5
22,mu5u5bvj,2.5
22,xna32qve,2.5
22,ta1i0ata,2.5
22,5p18gmeu,2.5
22,9785vg6d,2.5
22,s9luo49b,2.5
22,qd6c1iil,2.0
22,aq0e30o2,1.2
22,tlvgyzft,1.2
22,645zegcv,1.0
22,6myqgme3,1.0
22,5lqy1gjj,1.0
22,iaceti4b,0.8
22,d0hrsiu3,0.2
22,bzex0385,0.2
22,k8mn9xkj,0.2
22,6o0yrkdi,0.2
22,8iwsvku9,0.2
22,jy7j8sh0,0.2
22,hnk7ok3f,0.2
22,b41j1ilr,0.2
22,kjcbbgse,0.2
22,3okytwd8,0.2
22,8m0vyxq8,0.2
22,3ha96who,0.2
22,g0pk8dw3,0.2
22,texk4z76,0.2
22,cpy0hqt4,0.2
22,w1csq51z,0.2
22,0q2ky9gd,0.2
22,20qfaplw,0.2
22,7mfc4mee,0.2
22,ww9k0cf0,0.2
22,danl62io,0.2
22,utg8k7qs,0.2
22,xrhqisii,0.2
22,echn80cq,0.2
22,iryb3v0z,0.2
22,xd3zxx0c,0.2
22,0ysi263r,0.2
22,daxz9yhp,0.2
22,kkxdmzk9,0.2
22,t7qk6evo,0.2
22,feohfmbo,0.2
22,ozigndov,0.2
22,dizrffw1,0.2
22,7jhyjvhn,0.2
22,zxtbnyho,0.1
22,b6l0qshz,0.1
22,bswndfvk,0.1
22,0u5ot5h4,0.1
22,nzxpo4sd,0.1
22,2hchnlwb,0.1
22,l9tjubqe,0.1
22,ls8wfi82,0.1
22,aaglh001,0.1
22,3w02be5c,0.1
22,84p3mem3,0.1
22,t091j5le,0.1
22,qtfdtfq4,0.1
22,hwywzb0a,0.1
22,kka9ksa3,0.1
22,ibmi9ln8,0.1
22,n6b0r92e,0.1
22,xtwf4kgb,0.1
22,hx4pznuj,0.1
22,xxt4g8gq,0.1
22,uk5wzk6m,0.1
22,de4dhv4b,0.0
22,lz0ff16u,0.0
22,37s6bxhw,0.0
22,zmmef8gj,0.0
23,3lg076wx,9.0
23,zwffw6ur,8.5
23,efcd79ws,8.5
23,az2t6jjx,8.5
23,r2fkckdx,8.5
23,k8mn9xkj,8.5
23,jk7vng3v,8.5
23,w52dc97h,8.5
23,qd3disy2,8.5
23,l9akk8i6,7.8
23,2c12telo,7.5
23,kkxdmzk9,7.5
23,iaceti4b,7.5
23,n3o8lwu4,6.5
23,ihad1sqp,6.5
23,fdjjl1h7,6.5
23,gw2cow0d,5.8
23,nvaofi1k,3.5
23,2vo80sry,3.5
23,qd6c1iil,3.5
23,2hbxvvpw,3.5
23,9kizif98,3.5
23,ndmf5ekp,2.5
23,l1lq8yga,2.5
23,ww9k0cf0,2.5
23,b41j1ilr,2.5
23,afnto2tz,2.5
23,dplkmng5,2.5
23,k8jzzqj0,2.5
23,fq1su77a,2.5
23,sw8aleo3,2.5
23,jy7j8sh0,2.3
23,2hchnlwb,2.0
23,ysd1iykp,1.0
23,xrhqisii,1.0
23,a47pkh8q,1.0
23,2s6hpakk,1.0
23,2ma564ej,1.0
23,ff3j7i7i,0.3
23,ibmi9ln8,0.2
23,xogzl1lv,0.2
23,cxnoemdo,0.2
23,6o0yrkdi,0.2
23,v0m0xz7z,0.2
23,aq0e30o2,0.2
23,26pbzbxz,0.2
23,p8h6zhnk,0.2
23,3okytwd8,0.2
23,2folsh35,0.2
23,2yhbopjy,0.2
23,de4dhv4b,0.2
23,ikq38rm1,0.2
23,usvz287e,0.2
23,07hj0vkb,0.2
23,k9yjwnmt,0.2
23,0d3vy87b,0.2
23,yz507b0n,0.2
23,kka9ksa3,0.2
23,w1csq51z,0.1
23,7mfc4mee,0.1
23,hp1gz37o,0.1
23,zxtbnyho,0.1
23,lz0ff16u,0.1
23,bzex0385,0.1
23,bswndfvk,0.1
23,7rsmbk3j,0.1
23,rnjnxymc,0.1
23,xd3zxx0c,0.1
23,hylleesx,0.1
23,30s14h9j,0.1
23,z6ndprmm,0.1
23,64l96jwp,0.1
23,81kuduex,0.1
23,n6b0r92e,0.1
23,ehoo6fcr,0.1
23,qtfdtfq4,0.1
23,feohfmbo,0.1
23,33zi29bg,0.1
23,82nhvcdw,0.1
23,l565gha4,0.1
23,gzts5h0y,0.1
23,84p3mem3,0.1
23,syuga1j1,0.1
23,6p0knj62,0.1
23,8m0vyxq8,0.1
23,wzt9w46s,0.1
23,73ic8yg6,0.1
23,lfvso15k,0.1
23,iwtevhmq,0.1
23,epchoupz,0.1
23,ykisq8nz,0.1
23,az8xd66p,0.1
23,kaf75ng9,0.1
23,0ysi263r,0.1
23,absjerdt,0.1
23,b6l0qshz,0.0
23,zmmef8gj,0.0
23,htmnmiqz,0.0
23,np9tsmvs,0.0
23,m6wid9v5,0.0
24,u9z8x4v9,9.5
24,zkgprc4u,9.5
24,mig5zt5p,9.5
24,ls8wfi82,9.0
24,agiqcmru,8.5
24,d624q452,8.5
24,vs32no7a,8.5
24,q8e08pq0,8.5
24,v4r5d26a,8.5
24,642pa6sl,7.5
24,iaceti4b,7.5
24,3zh8jmc2,7.5
24,p3k14z38,7.5
24,07hj0vkb,6.5
24,gqbxcgv1,6.5
24,kkxdmzk9,6.5
24,ijncfuxi,5.5
24,usvz287e,4.8
24,mu5u5bvj,4.2
24,nlaiurau,3.5
24,2c12telo,3.5
24,afnto2tz,2.5
24,aaglh001,2.5
24,6o0yrkdi,2.5
24,vu9b5a14,2.5
24,dyxjpqfe,2.5
24,2yhbopjy,2.0
24,i8c3zbtc,1.5
24,2hchnlwb,1.2
24,bzex0385,1.0
24,dqfvrerw,1.0
24,3okytwd8,0.3
24,3kevhgvv,0.2
24,bswndfvk,0.2
24,2folsh35,0.2
24,cin2qol8,0.2
24,xrhqisii,0.2
24,3meiks6o,0.2
24,fq1su77a,0.2
24,aq0e30o2,0.2
24,otqv6hzf,0.2
24,6p0knj62,0.2
24,3h7pdd8m,0.2
24,0q2ky9gd,0.2
24,g0pk8dw3,0.2
24,ihad1sqp,0.2
24,zxtbnyho,0.2
24,m1jpza1z,0.2
24,p9mbmfaq,0.2
24,cxnoemdo,0.2
24,n55xvwkf,0.2
24,w1csq51z,0.1
24,ndmf5ekp,0.1
24,qtfdtfq4,0.1
24,hylleesx,0.1
24,81kuduex,0.1
24,n3o8lwu4,0.1
24,69tz7sph,0.1
24,np9tsmvs,0.1
24,64l96jwp,0.1
24,lz0ff16u,0.1
24,p8h6zhnk,0.1
24,feohfmbo,0.1
24,htmnmiqz,0.1
24,3dgjv0x1,0.1
24,rp9z4izp,0.1
24,uwez578q,0.1
24,9vw76cic,0.1
24,4jnovvnp,0.1
24,bglrptqj,0.1
24,n6b0r92e,0.1
24,t091j5le,0.1
24,cd75og2q,0.1
24,j3h62pcu,0.1
24,wuu713l2,0.1
24,lvoam28y,0.1
24,3w02be5c,0.1
24,30s14h9j,0.1
24,kvuy06ln,0.1
24,25ykas09,0.1
24,awguczze,0.1
24,b6l0qshz,0.1
24,5yhoiv76,0.1
24,9p2n8tjx,0.1
24,5kqtxh6t,0.1
24,v0m0xz7z,0.1
24,zc1vih5s,0.1
24,ynnp2wph,0.1
24,26pbzbxz,0.1
24,xd3zxx0c,0.1
24,zfpg6dgj,0.1
24,syuga1j1,0.0
24,t8e8m6td,0.0
24,7xp143nc,0.0
24,vn3gkugz,0.0
24,xxt4g8gq,0.0
24,37ojix5j,0.0
24,zmmef8gj,0.0
24,29x2i5a1,0.0
24,algzczs8,0.0
25,m855sd72,9.0
25,2jq626ye,8.5
25,c5jdp5jv,8.5
25,b5rh0org,8.5
25,845w9r6l,8.5
25,mudtccfe,8.5
25,2vo80sry,8.5
25,295i2q8v,8.5
25,9nl6nein,8.5
25,qaogpxy9,8.5
25,z9l34c04,8.5
25,ejv0gidp,8.5
25,797781dl,8.5
25,gse1k0wh,8.5
25,clio7417,8.5
25,xrhqisii,7.8
25,9f3t46bt,7.5
25,2p7qrgx0,7.5
25,pdvaf3xa,7.5
25,t7qk6evo,7.5
25,3zh8jmc2,7.5
25,6t5puo6p,7.5
25,absjerdt,7.5
25,2ax1e7zw,7.5
25,t35n7bk9,7.5
25,ciwts11b,6.8
25,oyajv16r,6.5
25,zwffw6ur,6.5
25,y0zjkmoe,6.5
25,vuvgvz4n,5.0
25,2a5u7ts5,4.5
25,ta1i0ata,4.5
25,9717nzr7,3.5
25,9kroonl1,3.5
25,nml9kqiu,3.5
25,leedutqo,3.5
25,zxtbnyho,2.5
25,gb1txu1o,2.5
25,m74bvoiy,2.5
25,li48ej86,2.5
25,cqx9pjzr,2.5
25,si5168pb,2.5
25,ao7kenbx,2.5
25,skybixa4,2.5
25,efk5pzov,2.5
25,917uwsgx,2.5
25,2ils0n0u,2.5
25,8vk89i4h,2.5
25,5gglmx9d,2.5
25,mciwp44p,2.5
25,7lvyg0ea,2.0
25,6b6esumw,2.0
25,2hchnlwb,2.0
25,xxt4g8gq,1.0
25,ieaklip5,1.0
25,izea05z4,1.0
25,8pp9kou2,0.2
25,le1mc045,0.2
25,2bsk6oh7,0.2
25,vu9b5a14,0.2
25,6sfleb1b,0.2
25,6c86edkc,0.2
25,1qyuhbz0,0.2
25,llilwq1u,0.2
25,7jszm1nd,0.2
25,soov8q3q,0.2
25,9785vg6d,0.2
25,gw9ymmsx,0.2
25,531twx5p,0.2
25,ibmi9ln8,0.2
25,cin2qol8,0.2
25,bi0tai8t,0.2
25,8y7218oj,0.2
25,snfsaont,0.2
25,uj7lyawj,0.2
25,782iew86,0.2
25,vv581qzu,0.2
25,pgqsezq2,0.2
25,989ogvsj,0.2
25,oclr8qwr,0.2
25,xauekjrw,0.2
25,mpfmam46,0.2
25,81kuduex,0.2
25,r707jl16,0.1
25,nepgttxf,0.1
25,feohfmbo,0.1
25,t8e8m6td,0.1
25,fmgnavfq,0.1
25,299oohbp,0.1
25,fugl5zz5,0.1
25,oq7pim3b,0.1
25,j0u2e01k,0.1
25,jp1to5gp,0.1
25,8ut2p9p6,0.1
25,lzw1q285,0.1
25,nvgbfnzt,0.1
25,1rhy8td0,0.1
25,k2io05hy,0.1
25,6fisbx49,0.1
25,gfqbdj0h,0.1
26,2jq626ye,9.0
26,9kizif98,9.0
26,k9yjwnmt,8.5
26,64l96jwp,8.5
26,270msv5l,8.5
26,zwffw6ur,8.5
26,24lz9tf1,8.5
26,0jp0z5kp,7.5
26,lzquegwc,7.5
26,5i66xf7d,6.5
26,b41j1ilr,6.5
26,o1x05kni,6.5
26,l1lq8yga,6.5
26,2folsh35,5.8
26,8y24j34j,3.5
26,7lvyg0ea,2.5
26,mciwp44p,2.5
26,mvkao3ye,2.5
26,xrhqisii,2.5
26,m3skoj50,2.5
26,5lqy1gjj,2.5
26,zmmef8gj,1.5
26,v0m0xz7z,1.5
26,lfvso15k,1.5
26,lwvb6dxc,1.5
26,feohfmbo,1.0
26,ttu6xum8,1.0
26,gw2p27rc,1.0
26,kc1xl0sg,1.0
26,y0m1utug,1.0
26,pebc17zw,1.0
26,soov8q3q,0.7
26,6nas74q1,0.2
26,32zroj99,0.2
26,60y9to0r,0.2
26,1ct93xjk,0.2
26,qtfdtfq4,0.2
26,iblo9m4q,0.2
26,cxnoemdo,0.2
26,afwxps4b,0.2
26,3009k19l,0.2
26,299oohbp,0.2
26,akri8qdk,0.2
26,0q2ky9gd,0.2
26,1l67qsfc,0.2
26,mqgk3hrx,0.2
26,d0hrsiu3,0.2
26,1vhzto1o,0.2
26,c8mvdo4o,0.2
26,qqy1xgta,0.2
26,gs75ebo4,0.2
26,zxtbnyho,0.1
26,bswndfvk,0.1
26,c1r10fy6,0.1
26,de4dhv4b,0.1
26,3w02be5c,0.1
26,5fbahs13,0.1
26,w1csq51z,0.1
26,2hchnlwb,0.1
26,bzex0385,0.1
26,7mfc4mee,0.1
26,6fy90ixc,0.1
26,iwtevhmq,0.1
26,t8vmow9s,0.1
26,bsu74y23,0.1
26,6sfleb1b,0.1
26,b6l0qshz,0.1
26,1qyuhbz0,0.1
26,n4duwd0x,0.1
26,uwez578q,0.1
26,svsfu7fj,0.1
26,eajf7zal,0.1
26,1r1ueuk2,0.1
26,nmt221tu,0.1
26,33zi29bg,0.1
26,nfibuobt,0.1
26,nzxpo4sd,0.1
26,t8e8m6td,0.1
26,xd3zxx0c,0.1
26,mq4a4u40,0.1
26,m6abyuvx,0.1
26,9p2n8tjx,0.1
26,bv7zyugl,0.1
26,bxeoso4k,0.1
26,zffjloio,0.1
26,5kyqqaic,0.1
26,5xn4atcu,0.1
26,vy0v0vkd,0.1
26,bjg20xnk,0.1
26,brsailag,0.1
26,6xf4o3oy,0.1
26,29nj4f05,0.1
26,pjpkz6wv,0.1
26,np9tsmvs,0.1
26,kvuy06ln,0.1
26,njzyu4mv,0.0
26,7xp143nc,0.0
26,klzs6hqy,0.0
26,82nhvcdw,0.0
26,w8bmmgtj,0.0
27,l9tjubqe,8.5
27,3nk2ipyi,8.5
27,y3roar7m,8.5
27,a7zwn5bg,8.5
27,ramd5lit,7.5
27,d6awwygy,7.5
27,ee0ai7p5,7.5
27,2jq626ye,7.5
27,uj7lyawj,6.5
27,7io75fnf,5.5
27,gb1txu1o,3.5
27,hp1gz37o,3.5
27,mudtccfe,3.5
27,n85ptr5p,3.5
27,n1fabz7k,3.5
27,uwez578q,2.5
27,m59czkya,2.5
27,iblo9m4q,2.5
27,zlzag6a8,2.5
27,3kevhgvv,2.5
27,9kizif98,2.5
27,rnjnxymc,2.5
27,vuvgvz4n,2.5
27,tg6s41y3,2.5
27,jm3uzg2i,2.5
27,2hchnlwb,2.0
27,33zi29bg,2.0
27,kaf75ng9,2.0
27,l1lq8yga,2.0
27,p8h6zhnk,1.5
27,c6elsnag,1.2
27,32zroj99,1.0
27,a47pkh8q,1.0
27,g0pk8dw3,1.0
27,0d3vy87b,1.0
27,52ve344g,1.0
27,60y9to0r,0.2
27,bzwfs0i5,0.2
27,8y24j34j,0.2
27,akri8qdk,0.2
27,vj4rvfte,0.2
27,1qyuhbz0,0.2
27,k9yjwnmt,0.2
27,usz7pnvu,0.2
27,7mfc4mee,0.2
27,pav9cx2p,0.2
27,782iew86,0.2
27,ejv0gidp,0.2
27,mciwp44p,0.2
27,8y7218oj,0.2
27,kvuy06ln,0.2
27,3z20ctdf,0.2
27,6nas74q1,0.2
27,xd3zxx0c,0.2
27,ibmi9ln8,0.2
27,jvxv7y1b,0.2
27,ciwts11b,0.2
27,1r1ueuk2,0.2
27,4qrg6lqu,0.2
27,nmt221tu,0.2
27,6fisbx49,0.2
27,zxtbnyho,0.1
27,jt81i0uc,0.1
27,feohfmbo,0.1
27,6fy90ixc,0.1
27,7xp143nc,0.1
27,njzyu4mv,0.1
27,bi0tai8t,0.1
27,b6l0qshz,0.1
27,g06l1j0h,0.1
27,64l96jwp,0.1
27,fmgnavfq,0.1
27,d0hrsiu3,0.1
27,wtpo1xvw,0.1
27,cr0zskcw,0.1
27,xxt4g8gq,0.1
27,bsu74y23,0.1
27,4jnovvnp,0.1
27,zfpg6dgj,0.1
27,n6b0r92e,0.1
27,mvkao3ye,0.1
27,iwtevhmq,0.1
27,nfibuobt,0.1
27,cqx9pjzr,0.1
27,nzxpo4sd,0.1
27,wzt9w46s,0.1
27,7cgqxt2m,0.1
27,26pbzbxz,0.1
27,d5d3y7jf,0.1
27,3w02be5c,0.1
27,deq5tv1d,0.1
27,txjj28jq,0.1
27,vn3gkugz,0.1
27,1v353uij,0.1
27,bswndfvk,0.0
27,zmmef8gj,0.0
27,c1r10fy6,0.0
27,1rhy8td0,0.0
27,v9k7vpi8,0.0
27,t8e8m6td,0.0
28,2jq626ye,8.5
28,jk7vng3v,8.5
28,pue5q5wp,8.5
28,270msv5l,7.5
28,w2axjs9n,6.5
28,8hiymqyb,6.5
28,lx6hl42z,6.5
28,hkfkugzn,5.5
28,viiuaoce,3.5
28,qnwtwpni,3.5
28,00rezmqj,3.5
28,24lz9tf1,2.5
28,5is9kc52,2.5
28,f5v3hhr8,2.5
28,nuep8nim,2.5
28,08dljap3,2.5
28,rb15hld7,2.5
28,ndsc0rif,2.5
28,d99opco3,2.5
28,rf7kpyo4,2.0
28,z5lv81bi,2.0
28,some9e4a,1.5
28,5kffoext,1.2
28,9063uhox,1.2
28,6f8vyziv,1.2
28,rv3dvt7x,0.3
28,lxtuig9w,0.2
28,wcm40guc,0.2
28,femlz8z2,0.2
28,fvx0xof9,0.2
28,473qbg0u,0.2
28,9l8nuz5g,0.2
28,a4w2nnos,0.2
28,m1jpza1z,0.2
28,sl45z4i0,0.2
28,1qbklvqy,0.2
28,ylpa702c,0.2
28,hrfbygub,0.2
28,hlu1noym,0.2
28,5d5authn,0.2
28,xibqsjib,0.2
28,zlygzsm1,0.2
28,fr1nwyca,0.2
28,p7v5p036,0.2
28,mtk3qxue,0.2
28,cc31u01y,0.2
28,ttu6xum8,0.2
28,2h6es4x4,0.2
28,t0oz35cm,0.1
28,7ydmp1pd,0.1
28,cxxk09t2,0.1
28,w1csq51z,0.1
28,1v353uij,0.1
28,5wz79c2l,0.1
28,zbogocki,0.1
28,izea05z4,0.1
28,vmmlxr0o,0.1
28,qaj7sy45,0.1
28,2hchnlwb,0.1
28,p2buyrcj,0.1
28,kzyxzlrm,0.1
28,mjx8jmz8,0.1
28,pnqlkgdj,0.1
28,qtwcbn7m,0.1
28,b6l0qshz,0.1
28,gw2cow0d,0.1
28,0avsdbnb,0.1
28,9717nzr7,0.1
28,q8cmc2je,0.1
28,mx6i2781,0.1
28,auum3tn7,0.1
28,nepgttxf,0.1
28,xd3zxx0c,0.1
28,u5tvbej3,0.1
28,801y5xy0,0.1
28,m6abyuvx,0.1
28,3pnuzxqv,0.1
28,yxuyhc7p,0.1
28,cgx90xnt,0.1
28,02wvru99,0.1
28,zec2ebhp,0.1
28,fdjjl1h7,0.1
28,bjg20xnk,0.1
28,rn5gn7pw,0.1
28,2tji14il,0.1
28,bw6ralqj,0.1
28,ofpcgxce,0.1
28,226ne81d,0.1
28,mpu1ico3,0.1
28,26pbzbxz,0.1
28,fe87u8t8,0.1
28,bi0tai8t,0.1
28,njzyu4mv,0.1
28,akri8qdk,0.1
28,8iq93l2n,0.1
28,ev4pasbk,0.1
28,rb9xdzro,0.0
28,ue1rpjgv,0.0
28,oz7hras7,0.0
28,xxt4g8gq,0.0
29,cxxk09t2,9.5
29,izea05z4,9.0
29,tsuz3j40,9.0
29,zvkxormv,9.0
29,pnroqceq,8.5
29,a9o2dvke,8.5
29,e7b1guwq,8.5
29,jp1to5gp,8.5
29,fyztb8d9,8.5
29,505i9na8,8.5
29,l565gha4,8.5
29,5q3ojfmc,8.5
29,nqkw5v3w,8.5
29,wk2u2a9w,8.5
29,f59c4idd,8.5
29,jiw3cji1,8.5
29,6b6esumw,8.5
29,7cpxg1b4,8.5
29,5l0fthw3,8.5
29,2jq626ye,8.5
29,m3y35ozx,8.5
29,24lz9tf1,8.5
29,8hiymqyb,8.5
29,vggfbym5,8.5
29,ivz4r389,7.8
29,vzbh457k,7.8
29,89j0om5b,7.5
29,0oq4kkn5,7.5
29,810r5q03,7.5
29,nybuhief,7.5
29,mtk3qxue,7.5
29,2hflah2h,7.5
29,mx6i2781,7.5
29,i8znp72t,7.5
29,howix091,7.5
29,d62iuk72,7.5
29,o8kffjw0,7.5
29,tztrwfbi,7.5
29,v3548bfn,7.5
29,mtgtss0m,7.5
29,z9o0ipz8,6.8
29,e2txo10z,6.5
29,nj23h32n,6.5
29,nn9gj0z1,6.5
29,0littefv,6.5
29,d441jam3,6.5
29,4t8ra5oa,6.5
29,nf27fe01,6.5
29,7flusgus,5.8
29,3009k19l,5.5
29,3wt8z1gk,3.5
29,13h5aigg,3.5
29,u2lwgyyf,3.5
29,6sb3ipab,3.5
29,vbmkasx2,3.5
29,psaf2vls,3.5
29,gc84k214,3.5
29,ll93g47p,2.5
29,qb7umsyu,2.3
29,mzcvilbw,2.0
29,xxt4g8gq,2.0
29,e5al0zdk,1.0
29,p6ikd8ns,1.0
29,78empsdp,1.0
29,8b23lqnr,0.3
29,mwew2dbb,0.2
29,7jszm1nd,0.2
29,cin2qol8,0.2
29,iefu6hph,0.2
29,q46tddfh,0.2
29,or5nbobd,0.2
29,fvx0xof9,0.2
29,ciwts11b,0.2
29,8vk89i4h,0.2
29,pzc4ivvg,0.2
29,bqv0nbo7,0.2
29,6r0f4bbu,0.2
29,sctfgzdo,0.2
29,qlent1g9,0.2
29,qxqhvd8x,0.2
29,f0ncxqbx,0.2
29,r7ofnxf1,0.2
29,3pnuzxqv,0.2
29,7tb5e05h,0.2
29,46f7pb5w,0.2
29,wi7qdbc7,0.2
29,9815ikzg,0.2
29,8ut2p9p6,0.1
29,iuo2cw23,0.1
29,baugu1gh,0.1
29,esh8p28s,0.1
29,5yhoiv76,0.1
29,vu9b5a14,0.1
29,sufwsu77,0.1
29,d3a06n3f,0.1
29,o1x8c9o4,0.1
29,wr8mngg2,0.1
29,z9r5htm9,0.1
29,j9qucb0k,0.1
29,x7f9927x,0.0
30,jk7vng3v,9.2
30,2jq626ye,8.5
30,b5rh0org,8.5
30,mvapt627,8.5
30,zzflr2hx,7.5
30,uylgyhs8,7.5
30,50xvzmm4,7.5
30,270msv5l,4.5
30,rn3bjc9d,3.5
30,i8znp72t,3.5
30,jq1xumrh,2.5
30,7wv4cb37,2.5
30,v3548bfn,2.5
30,2528jrn6,2.5
30,dgeisr8h,2.5
30,184kmuiy,2.5
30,m2fsrwvw,2.0
30,00rezmqj,1.5
30,hrfbygub,1.2
30,3zh8jmc2,1.0
30,d8p7mgqt,1.0
30,8mbqkzpu,1.0
30,ajlctjeb,0.3
30,femlz8z2,0.2
30,nepgttxf,0.2
30,2tji14il,0.2
30,sl45z4i0,0.2
30,mx6i2781,0.2
30,ylpa702c,0.2
30,pnroqceq,0.2
30,pnqlkgdj,0.2
30,lmswl9ol,0.2
30,j35b7917,0.2
30,nadhhe5k,0.2
30,oz7hras7,0.2
30,1qbklvqy,0.2
30,evy1neal,0.2
30,ibvnvjji,0.2
30,remv8xvx,0.2
30,8n0tvm0w,0.2
30,bjg20xnk,0.1
30,5wz79c2l,0.1
30,24lz9tf1,0.1
30,akri8qdk,0.1
30,m1jpza1z,0.1
30,7mfc4mee,0.1
30,1wl7i7ch,0.1
30,cxxk09t2,0.1
30,xsi3hbzs,0.1
30,wi7qdbc7,0.1
30,m6abyuvx,0.1
30,jb9kg3h0,0.1
30,4hygz05o,0.1
30,o7y3wygc,0.1
30,cgiok0ce,0.1
30,3pnuzxqv,0.1
30,nuep8nim,0.1
30,y0np2ipv,0.1
30,7flusgus,0.1
30,z6ndprmm,0.1
30,f089bs8r,0.1
30,c0smzrt6,0.1
30,nfibuobt,0.1
30,25ykas09,0.1
30,8ut2p9p6,0.1
30,auum3tn7,0.1
30,t0oz35cm,0.1
30,wlw8cty8,0.1
30,lar2m59n,0.1
30,qilqtvzt,0.1
30,imp7icud,0.1
30,ija2pb97,0.1
30,pq7xa4rr,0.1
30,jts6wnz9,0.1
30,njzyu4mv,0.1
30,qhhdjgeq,0.1
30,lxtuig9w,0.1
30,k5g8ebqg,0.1
30,htmnmiqz,0.1
30,10bu7iwg,0.1
30,9l8nuz5g,0.1
30,mcr12mwb,0.1
30,88wo4xen,0.1
30,zwffw6ur,0.1
30,mq4a4u40,0.1
30,hww0watl,0.1
30,3to48bpk,0.1
30,26pbzbxz,0.1
30,w1csq51z,0.1
30,2hchnlwb,0.1
30,xyc6a1fw,0.1
30,qcmsmfad,0.1
30,0aiaklrn,0.0
30,f5v3hhr8,0.0
30,8dbenul1,0.0
30,dvw4ajtv,0.0
30,k3z30aaw,0.0
30,wfkk7dsm,0.0
30,1484fg9p,0.0
30,9807pgmy,0.0
31,txjj28jq,9.0
31,jrcxxysz,9.0
31,p9r733t4,9.0
31,w0ouin51,8.5
31,5i66xf7d,8.5
31,5x24dcx9,8.5
31,e1aodl9u,8.5
31,yw2dawdc,8.5
31,4uk96af7,8.5
31,23mxohid,8.5
31,n0s0cyv2,8.5
31,zc1vih5s,8.5
31,qmo3o8cg,8.5
31,slxdonqi,8.0
31,33zi29bg,7.5
31,fj9l8che,7.5
31,n6b0r92e,7.5
31,2hbxvvpw,7.5
31,ecgyz78q,7.5
31,uuxj6kh7,7.5
31,7m21bgxb,7.5
31,msdyszr1,7.5
31,ozigndov,7.5
31,25cawzi0,6.5
31,qbt142yj,6.5
31,u6ts87ur,6.5
31,12eqrhql,6.5
31,b8t4a57r,6.5
31,xrhqisii,5.5
31,22ewkwma,4.8
31,wrru98zg,4.5
31,63bos83o,4.5
31,yu6mw601,3.8
31,tocqabgu,3.5
31,wu7i548j,3.5
31,po76kous,3.5
31,4jdn4kw6,3.5
31,9idv3n54,3.5
31,jm3uzg2i,3.5
31,lvlbwcl0,3.5
31,d8908t93,3.2
31,30s14h9j,3.0
31,pdjsy9a0,2.5
31,wale2wiu,2.5
31,kc1xl0sg,2.5
31,iwtevhmq,2.5
31,tlvgyzft,2.5
31,k3z30aaw,2.5
31,vy00r2b0,2.5
31,zfpg6dgj,2.5
31,c2qdkz3o,2.5
31,fkz10jkf,2.5
31,ciuhyhb8,2.5
31,zkudc8ww,2.5
31,f29y8vh5,2.5
31,i70ztypg,2.5
31,1jcwfu8n,2.5
31,wxparyeg,2.0
31,5hifn0cf,2.0
31,9sgrw1qp,2.0
31,uota1gu0,2.0
31,7lohh5ty,2.0
31,gks3goc9,2.0
31,dnge0r72,1.5
31,xypscjiq,1.2
31,4enavqde,1.0
31,nge1itgk,0.3
31,jj7dm2n1,0.3
31,4z38v9rg,0.2
31,6whm93w0,0.2
31,suzhg1yd,0.2
31,feohfmbo,0.2
31,zh8e76w7,0.2
31,4qrg6lqu,0.2
31,ri7v2ka3,0.2
31,1r1ueuk2,0.2
31,nxv1ie29,0.2
31,iptisi1m,0.2
31,u5npu6ng,0.2
31,hr99dwi7,0.2
31,9717nzr7,0.2
31,uy90ulsy,0.2
31,1whqwaan,0.2
31,pav9cx2p,0.2
31,c1r10fy6,0.2
31,llilwq1u,0.2
31,td93uulm,0.2
31,zmmef8gj,0.1
31,1rhy8td0,0.1
31,cbkzvuqb,0.1
31,zxtbnyho,0.1
31,594mmlk8,0.1
31,fq2urilg,0.1
31,kfwbqp4p,0.1
31,t8vmow9s,0.1
31,p8h6zhnk,0.1
31,rpoh23cx,0.1
31,dv3o8dl3,0.1
31,t8e8m6td,0.1
31,vj4rvfte,0.1
32,mjkixqhs,9.5
32,tg6s41y3,9.0
32,mmd8ru3r,8.5
32,dv04is8u,8.5
32,417onceq,8.5
32,64k42urk,8.5
32,b8t4a57r,8.5
32,pue5q5wp,8.5
32,b6l0qshz,7.5
32,jy7j8sh0,7.5
32,fbe47bgi,7.5
32,17f1evh3,7.5
32,fae3sczm,7.5
32,2p7qrgx0,7.5
32,jyi5z10h,6.5
32,qtp82kuk,6.5
32,a203p26f,6.5
32,sb6bevb2,5.5
32,e1yzrc6n,4.2
32,l1lq8yga,3.5
32,ejv0gidp,3.5
32,12eqrhql,3.5
32,7wv4cb37,3.5
32,zxtbnyho,2.5
32,4fmcwf9x,2.5
32,1v353uij,2.5
32,63bos83o,2.5
32,8y7218oj,2.5
32,rqsn0g8q,2.5
32,ocg5siiy,2.0
32,qbt142yj,2.0
32,sluqq1px,2.0
32,5a1rfi6k,1.2
32,cqx9pjzr,1.0
32,29nj4f05,1.0
32,brsailag,1.0
32,qcmsmfad,1.0
32,2ffnuc8f,0.3
32,30s14h9j,0.2
32,64l96jwp,0.2
32,7mfc4mee,0.2
32,ff2zadol,0.2
32,ci6db90d,0.2
32,dplkmng5,0.2
32,u5npu6ng,0.2
32,bea9x5j1,0.2
32,vpm9drvz,0.2
32,hp1gz37o,0.2
32,23xo4frr,0.2
32,2hbxvvpw,0.2
32,w5qsr5no,0.2
32,f2vds1n7,0.2
32,cr0zskcw,0.2
32,wmphlnpt,0.2
32,bqv0nbo7,0.2
32,navrmhqm,0.2
32,pm8mgqxz,0.2
32,vz0qvp01,0.2
32,tkjkjd7w,0.2
32,uqw74ra0,0.2
32,7j43yic1,0.2
32,cin2qol8,0.2
32,ri7v2ka3,0.1
32,1xgjdhkx,0.1
32,yu71iewp,0.1
32,8pmbdljo,0.1
32,8xbl2qtp,0.1
32,iptisi1m,0.1
32,33zi29bg,0.1
32,pjdogrs4,0.1
32,ovq737wt,0.1
32,6sfleb1b,0.1
32,782iew86,0.1
32,aq3ho77b,0.1
32,nzxpo4sd,0.1
32,60y9to0r,0.1
32,tg0tczni,0.1
32,jt81i0uc,0.1
32,gcj14snd,0.1
32,xxt4g8gq,0.1
32,pkbo2lbk,0.1
32,bzwfs0i5,0.1
32,lvoam28y,0.1
32,t0tewgvx,0.1
32,4z38v9rg,0.1
32,iy6qzq58,0.1
32,xypscjiq,0.1
32,i44ooq02,0.1
32,8ut2p9p6,0.1
32,xrhqisii,0.1
32,htmnmiqz,0.1
32,z3in6bi2,0.1
32,xjspi65a,0.1
32,h31fi573,0.1
32,av0wlbua,0.1
32,zfpg6dgj,0.1
32,5rn7rm1f,0.1
32,jl3uah1i,0.0
32,8upypiev,0.0
32,9rdsdvyd,0.0
33,u6ts87ur,8.5
33,bdi8v79t,8.5
33,44ip3jda,8.5
33,l3ej1hdk,8.5
33,dih1nj0r,8.5
33,2jq626ye,7.5
33,a9o2dvke,7.5
33,mpu1ico3,7.5
33,j3p1u80n,7.5
33,t2qpisrn,7.5
33,o13leezl,7.5
33,o55s1j25,6.5
33,akri8qdk,6.5
33,p6ikd8ns,6.5
33,m4sp9sjn,6.5
33,9ka3jdbf,6.5
33,ofpcgxce,6.5
33,jd1wxobz,6.5
33,wi7qdbc7,5.5
33,l66ost6q,5.5
33,j0u2e01k,4.5
33,vu9b5a14,3.5
33,n2ncamqh,3.5
33,3xb3ibsq,3.5
33,epkw6222,3.5
33,m1cmkkw3,3.5
33,n6b0r92e,3.5
33,hrfbygub,2.5
33,kff3gig0,2.5
33,ypefqm71,2.5
33,d1pd09zj,2.5
33,gnbpngef,2.5
33,qevosik3,2.5
33,ctass7hz,2.5
33,auum3tn7,2.0
33,8dkj6ps3,2.0
33,odu5rl5q,2.0
33,61cl4k8k,1.5
33,mzsoh16g,1.5
33,ejv0gidp,1.5
33,drhl264f,1.5
33,63bos83o,1.2
33,22ewkwma,1.0
33,bjg20xnk,1.0
33,abyxz7jw,1.0
33,9rfmpvhh,1.0
33,5wz79c2l,0.2
33,3pnuzxqv,0.2
33,j9qucb0k,0.2
33,dc7fn26s,0.2
33,4jdn4kw6,0.2
33,7kg7t56i,0.2
33,25ykas09,0.2
33,cwzpb8fu,0.2
33,r52nev7v,0.2
33,6l6c7jpq,0.2
33,tm7krxxw,0.2
33,mcr12mwb,0.2
33,7m21bgxb,0.2
33,24lz9tf1,0.2
33,gp7x03lb,0.2
33,evy1neal,0.2
33,qe5lg8jn,0.2
33,1wl7i7ch,0.2
33,jppa2pbw,0.2
33,xypscjiq,0.1
33,k3z30aaw,0.1
33,i99pgmd1,0.1
33,as03o4rl,0.1
33,8dye7e9m,0.1
33,vixb9v8v,0.1
33,i70ztypg,0.1
33,6it6pukx,0.1
33,9p2n8tjx,0.1
33,zh8e76w7,0.1
33,kxrzv16n,0.1
33,7750z41g,0.1
33,a4ue2jot,0.1
33,n38e01bd,0.1
33,5hifn0cf,0.1
33,6fisbx49,0.1
33,i7x50taa,0.1
33,dvw4ajtv,0.1
33,bqount8a,0.1
33,yxuyhc7p,0.1
33,ap4ro5me,0.1
33,jyi5z10h,0.1
33,on8chko9,0.1
33,jm3uzg2i,0.1
33,ews6n5qc,0.1
33,2bsk6oh7,0.1
33,0q2ky9gd,0.1
33,z6ndprmm,0.1
33,bw6ralqj,0.1
33,xz23twqx,0.1
33,tty2y9cv,0.1
33,dp90eo2u,0.0
33,ul8wjrmy,0.0
33,wrru98zg,0.0
33,2hchnlwb,0
34,aq0e30o2,8.5
34,6o0yrkdi,8.5
34,2jq626ye,8.5
34,zwffw6ur,8.5
34,aclzp3iy,8.5
34,8s7g2wvd,8.5
34,b5rh0org,8.5
34,lb5mjuxl,8.5
34,elfroq6f,8.5
34,fq1su77a,8.5
34,n1yvrcqg,8.5
34,nvaofi1k,8.5
34,jk7vng3v,8.5
34,wj2xmp8h,7.5
34,k8mn9xkj,7.5
34,echn80cq,7.5
34,mena480g,7.5
34,furt6xcn,6.5
34,v0m0xz7z,6.5
34,0q2ky9gd,6.5
34,8iwsvku9,6.5
34,aj8nxi3x,6.5
34,270msv5l,4.5
34,5lqy1gjj,3.5
34,sdlhh79b,3.5
34,dwt0h2tg,3.5
34,xna32qve,2.5
34,25dcnext,2.5
34,8pqf7dnm,2.5
34,sdy70r7d,2.5
34,l1lq8yga,2.5
34,femlz8z2,2.5
34,oz7hras7,2.5
34,bzex0385,2.5
34,kpx4kbco,2.5
34,7krf1yxz,2.5
34,8y24j34j,2.0
34,feohfmbo,2.0
34,9ofqelrm,2.0
34,p9mbmfaq,1.5
34,hwywzb0a,1.5
34,dqfvrerw,1.0
34,cxnoemdo,1.0
34,sw8aleo3,1.0
34,5wz79c2l,1.0
34,a47pkh8q,1.0
34,rh29mtrm,1.0
34,usvz287e,0.3
34,ttu6xum8,0.2
34,p8h6zhnk,0.2
34,ta1i0ata,0.2
34,w1csq51z,0.2
34,hx4pznuj,0.2
34,7mfc4mee,0.2
34,84p3mem3,0.2
34,zea51el3,0.2
34,x22q1f21,0.2
34,mu5u5bvj,0.2
34,pnqlkgdj,0.2
34,daxz9yhp,0.2
34,3009k19l,0.2
34,de4dhv4b,0.2
34,danl62io,0.2
34,i9xzfhfb,0.2
34,7xp143nc,0.1
34,8dbenul1,0.1
34,njzyu4mv,0.1
34,bswndfvk,0.1
34,4jnovvnp,0.1
34,nfibuobt,0.1
34,cmw0lgpd,0.1
34,2tji14il,0.1
34,qtfdtfq4,0.1
34,15m5m44x,0.1
34,bi0tai8t,0.1
34,bjg20xnk,0.1
34,9p2n8tjx,0.1
34,32zroj99,0.1
34,rw27f7qh,0.1
34,lz0ff16u,0.1
34,xxt4g8gq,0.1
34,chy7096f,0.1
34,7flusgus,0.1
34,c5cyzddd,0.1
34,25ykas09,0.1
34,2hchnlwb,0.1
34,zmmef8gj,0.1
34,nepgttxf,0.1
34,wuu713l2,0.1
34,lfvso15k,0.1
34,6sfleb1b,0.1
34,ekdf65zr,0.1
34,xd3zxx0c,0.1
34,zc1vih5s,0.1
34,cn7qo7hb,0.1
34,hxjxczyr,0.1
34,3w02be5c,0.1
34,ebcj0hw1,0.1
34,stteun89,0.1
34,5yhoiv76,0.1
35,o7ttiu97,8.5
35,2p7qrgx0,8.5
35,bcwcjf01,8.5
35,2jq626ye,7.5
35,6f8vyziv,7.5
35,vsl94lhz,3.5
35,ij9mifov,3.5
35,tg6s41y3,3.5
35,a8w5cs6k,2.5
35,sdlhh79b,2.5
35,vu9b5a14,2.5
35,63bos83o,2.5
35,32o6cwhu,2.5
35,8ut2p9p6,2.5
35,31q7ftnd,2.5
35,vuvgvz4n,2.5
35,ciwts11b,2.5
35,a9o2dvke,2.5
35,6upti3bg,2.5
35,8y24j34j,2.5
35,1i1rhwcw,2.5
35,bzwfs0i5,2.0
35,mgmbdfhe,2.0
35,ff2zadol,2.0
35,wbjszxi2,1.5
35,4fmcwf9x,1.0
35,vpm9drvz,1.0
35,xmjzgqq7,1.0
35,s5k59eq8,1.0
35,sdy70r7d,1.0
35,emnln2ix,1.0
35,r707jl16,0.2
35,x6s34z1s,0.2
35,w2sj3dns,0.2
35,u4649rtx,0.2
35,8upypiev,0.2
35,ejv0gidp,0.2
35,xntqevam,0.2
35,sluqq1px,0.2
35,7kg7t56i,0.2
35,av0wlbua,0.2
35,nepgttxf,0.2
35,l4soafvr,0.2
35,u5npu6ng,0.2
35,12eqrhql,0.2
35,3pnuzxqv,0.2
35,hmgmsviu,0.2
35,gb1txu1o,0.2
35,leedutqo,0.2
35,nzxpo4sd,0.2
35,30s14h9j,0.1
35,zxtbnyho,0.1
35,7lohh5ty,0.1
35,6sfleb1b,0.1
35,zy2yc8gs,0.1
35,iy6qzq58,0.1
35,q5s79p6n,0.1
35,2hchnlwb,0.1
35,h31fi573,0.1
35,absjerdt,0.1
35,ckms25na,0.1
35,iptisi1m,0.1
35,pjdogrs4,0.1
35,64k42urk,0.1
35,mcr12mwb,0.1
35,ri7v2ka3,0.1
35,wuu713l2,0.1
35,goo993eg,0.1
35,i99pgmd1,0.1
35,vg42z900,0.1
35,yupm6smb,0.1
35,n6b0r92e,0.1
35,782iew86,0.1
35,xxt4g8gq,0.1
35,hds1j5ln,0.1
35,8y7218oj,0.1
35,zm38v6do,0.1
35,qcpcr7uv,0.1
35,pebc17zw,0.1
35,mq4a4u40,0.1
35,dplkmng5,0.1
35,cin2qol8,0.1
35,k5xpirfz,0.1
35,pkbo2lbk,0.1
35,j0u2e01k,0.1
35,6r7d5n3l,0.1
35,k8wfyj9b,0.1
35,64l96jwp,0.1
35,9p2n8tjx,0.1
35,xjspi65a,0.1
35,vsjy9oaf,0.1
35,o55s1j25,0.1
35,k2io05hy,0.1
35,mmd8ru3r,0.0
35,osv673g3,0.0
35,gcj14snd,0.0
35,jm3uzg2i,0.0
35,xypscjiq,0.0
35,23xo4frr,0.0
35,g370ygbu,0.0
36,egy1d90x,9.2
36,78empsdp,8.5
36,anp238gu,8.5
36,nn9gj0z1,8.5
36,ux21mzep,8.5
36,1bzc0j69,7.5
36,aukwu82m,7.5
36,9815ikzg,7.5
36,e63wxe9a,7.5
36,ge7skngl,7.5
36,71q8b31o,6.5
36,wk2u2a9w,6.5
36,i24mfi7d,6.5
36,3009k19l,5.8
36,vzbh457k,3.5
36,8b23lqnr,3.5
36,ntqyjqqk,3.5
36,ivz4r389,2.5
36,howix091,2.5
36,7wuhtsep,2.5
36,49u2onq0,2.5
36,d3a06n3f,1.5
36,d62iuk72,1.0
36,imp7icud,1.0
36,usvz287e,0.3
36,6obx49pr,0.2
36,1aptufp6,0.2
36,uphmqh8n,0.2
36,i0a3igc7,0.2
36,1v6nf28a,0.2
36,mkiz23c4,0.2
36,omwjjy7z,0.2
36,y9qyjbc2,0.2
36,i8znp72t,0.2
36,rhsgqprf,0.2
36,ye3k61vt,0.2
36,7tb5e05h,0.2
36,g42p98ku,0.2
36,6sb3ipab,0.2
36,27fd59qe,0.2
36,28386eaw,0.2
36,wlhqsc48,0.2
36,byvt0i7e,0.2
36,navrmhqm,0.2
36,432s6k35,0.2
36,r7ofnxf1,0.2
36,wbh06gzb,0.1
36,cmzsvjzs,0.1
36,kw8psrmz,0.1
36,e2txo10z,0.1
36,6r0f4bbu,0.1
36,flmeis3x,0.1
36,60xkxdhe,0.1
36,9mxi4dzi,0.1
36,aca3fjpr,0.1
36,n85ptr5p,0.1
36,m31mb2kr,0.1
36,5movyeb4,0.1
36,crolji1q,0.1
36,1fhja82a,0.1
36,mx6i2781,0.1
36,8vk89i4h,0.1
36,x7f9927x,0.1
36,7cpxg1b4,0.1
36,k2io05hy,0.1
36,mzcvilbw,0.1
36,2u49b7xo,0.1
36,6r7d5n3l,0.1
36,a04e06zy,0.1
36,z9o0ipz8,0.1
36,0littefv,0.1
36,x0ygzz4u,0.1
36,3wt8z1gk,0.1
36,q8gshba8,0.1
36,ebl8yc92,0.1
36,9ozguyl8,0.1
36,7kg7t56i,0.1
36,9z0lo2d1,0.1
36,7jszm1nd,0.1
36,mtk3qxue,0.1
36,vggfbym5,0.1
36,cim8sfda,0.1
36,i3bbo0qg,0.1
36,13h5aigg,0.1
36,96f77pe7,0.1
36,q96i25vh,0.1
36,uutppde3,0.1
36,dm21kvnm,0.1
36,9vr9u24v,0.1
36,vrnonccy,0.1
36,6nas74q1,0.1
36,6u80p5sj,0.1
36,sw4wtxdk,0.1
36,0lf5j8lo,0.1
36,pp5bh3da,0.0
36,ll93g47p,0.0
36,xjspi65a,0.0
36,rbjkugw4,0.0
36,ovq737wt,0.0
36,h9ppa064,0.0
37,2sm0pgt7,9.0
37,zm38v6do,8.5
37,31q7ftnd,8.5
37,1qgpa45q,8.5
37,02opdk0m,8.5
37,lqviqh3m,8.5
37,pebc17zw,8.5
37,or5nbobd,8.5
37,uutppde3,8.5
37,yqt2zlpx,8.5
37,3gj754dq,8.5
37,vm5zjr64,8.5
37,bea9x5j1,8.5
37,tg6s41y3,8.5
37,30s14h9j,7.5
37,jquxicdr,7.5
37,w5qsr5no,7.5
37,23xo4frr,7.5
37,flznxurb,7.5
37,96xoj10p,7.5
37,a0pzw26l,7.5
37,1xgjdhkx,7.5
37,ovq737wt,7.5
37,l0uya9dh,7.5
37,t40ybhgb,7.5
37,mtk3qxue,7.5
37,0mtmodmo,7.5
37,alyn1i00,7.5
37,bcwcjf01,6.5
37,p1b07b4t,6.5
37,bzwfs0i5,6.5
37,ayfus6az,6.5
37,yp7zhgj9,6.5
37,mrst93rh,4.5
37,qutbqcwb,4.5
37,w2sj3dns,4.5
37,vk8n8s2q,3.5
37,n1fabz7k,3.5
37,3jliu5nf,3.5
37,jppa2pbw,3.5
37,o7ttiu97,3.0
37,ds9se405,2.5
37,zgurb8gb,2.5
37,8g0zklzy,2.0
37,s76c5ebd,0.3
37,4t8ra5oa,0.3
37,aq3ho77b,0.2
37,ci6db90d,0.2
37,27fd59qe,0.2
37,m6yj1p92,0.2
37,xxt4g8gq,0.2
37,nivrrsqg,0.2
37,r707jl16,0.2
37,jy7j8sh0,0.2
37,46f7pb5w,0.2
37,ow3aez9v,0.2
37,e67ky5tr,0.2
37,2ffnuc8f,0.2
37,4ueabl9p,0.2
37,6pai2e87,0.2
37,wjf3c7a7,0.2
37,9785vg6d,0.2
37,2zvxn948,0.2
37,rbjkugw4,0.2
37,wubaahn2,0.2
37,vrd89yk0,0.2
37,czmv6itq,0.2
37,uu1oz2ei,0.2
37,t5tf7ilf,0.1
37,bcmli6gj,0.1
37,mtuxocrd,0.1
37,ae5bvrr5,0.1
37,65drhnk8,0.1
37,sdy70r7d,0.1
37,pm8mgqxz,0.1
37,8xbl2qtp,0.1
37,jnsy4y1q,0.1
37,dvfmpm54,0.1
37,iptisi1m,0.1
37,k2io05hy,0.1
37,8upypiev,0.1
37,7jszm1nd,0.1
37,63bos83o,0.1
37,i3bbo0qg,0.1
37,sb6bevb2,0.1
37,ri7v2ka3,0.1
37,u5w19iym,0.1
37,jl3uah1i,0.1
37,iy6qzq58,0.1
37,64k42urk,0.1
37,ebcj0hw1,0.1
37,qg2r691d,0.1
37,i8fqjfww,0.1
37,cdas57cx,0.1
37,fj9l8che,0.1
37,hphn7cs6,0.0
37,6c86edkc,0.0
37,wyzb8v4a,0.0
37,pkbo2lbk,0.0
37,2xvd5ogf,0.0
38,ynnp2wph,8.5
38,pyrfgggz,8.5
38,3zh8jmc2,8.5
38,68y733y3,8.5
38,v3hoccem,8.5
38,xs7df6a7,8.5
38,23tjgbhw,8.5
38,2sdg5ll7,8.5
38,ciwts11b,8.5
38,6ztwho9k,8.5
38,0vsf67nh,8.5
38,yggoeu00,8.5
38,uojo7b4t,8.5
38,2ffnuc8f,8.5
38,094d0rn6,7.8
38,jne14jqf,7.8
38,270msv5l,7.5
38,vhiwrhkb,7.5
38,tlctqm9f,7.5
38,zzflr2hx,7.5
38,n55xvwkf,7.5
38,2jq626ye,6.5
38,15c85zi4,6.5
38,v0m0xz7z,6.5
38,gt3v8km1,6.5
38,uj96zdld,5.0
38,1tut4erh,4.5
38,hx77tpbt,4.5
38,oyajv16r,3.5
38,gw2cow0d,3.5
38,b5rh0org,3.5
38,ths475r0,3.5
38,qmpnal06,3.5
38,qocuprwb,3.5
38,waf4n6u8,2.5
38,eqjv5y9z,2.5
38,tsyvfgor,2.3
38,biqjlddj,1.5
38,f0ncxqbx,1.2
38,yz4i5n1m,1.2
38,qlent1g9,1.0
38,usvz287e,1.0
38,bjg20xnk,1.0
38,qm7fjojv,0.3
38,w1csq51z,0.2
38,66lqic50,0.2
38,0y80k5kw,0.2
38,tsuz3j40,0.2
38,5q3ojfmc,0.2
38,absjerdt,0.2
38,d6z9avfr,0.2
38,q8e08pq0,0.2
38,xc4c7dkk,0.2
38,ti2fr0uh,0.2
38,n6b0r92e,0.2
38,t2qpisrn,0.2
38,9717nzr7,0.2
38,cxnoemdo,0.2
38,n497clms,0.2
38,ly4f42mg,0.2
38,kje8lvgl,0.2
38,qsw8ncdw,0.2
38,njaw5mra,0.2
38,nbej2s0b,0.2
38,299oohbp,0.1
38,sf3vhpeq,0.1
38,cxxk09t2,0.1
38,3pnuzxqv,0.1
38,qcp2aqya,0.1
38,chy7096f,0.1
38,j9qucb0k,0.1
38,o1x8c9o4,0.1
38,tnaizwxo,0.1
38,z6ndprmm,0.1
38,g42p98ku,0.1
38,8ut2p9p6,0.1
38,jleccqqx,0.1
38,pnroqceq,0.1
38,wbh06gzb,0.1
38,xd3zxx0c,0.1
38,88wo4xen,0.1
38,dc7fn26s,0.1
38,m6abyuvx,0.1
38,ibmi9ln8,0.1
38,c5r1v8me,0.1
38,ov5o2w29,0.1
38,9p2n8tjx,0.1
38,45id3yyr,0.1
38,qwrdr92h,0.1
38,shk4n8f6,0.1
38,ci5evt9z,0.1
38,46f7pb5w,0.1
38,5yhoiv76,0.1
38,flmeis3x,0.1
38,tibu8530,0.1
38,p7feodk1,0.1
38,1aezgrn2,0.1
38,3w02be5c,0.1
38,njzyu4mv,0.0
38,9wyb7l3o,0.0
39,m25f7tfr,9.5
39,njaw5mra,9.2
39,pyrfgggz,9.2
39,t0oz35cm,9.0
39,1diftm9p,9.0
39,r6c7kmqj,9.0
39,clqfq8hw,8.5
39,h0sqs7dc,8.5
39,h3btnnux,8.5
39,4pl3bhx6,8.5
39,47496o0e,8.5
39,41b8ar5w,8.5
39,x98194l0,8.5
39,tsuz3j40,8.5
39,yggoeu00,8.5
39,ke7z799v,8.5
39,xs7df6a7,8.5
39,b68tn3vz,8.5
39,yh6858k6,8.5
39,ynnp2wph,8.5
39,oisr9qwr,8.5
39,twxb80vs,8.5
39,93my9qqe,8.5
39,wm4c7rk6,8.5
39,2ffnuc8f,8.5
39,3zh8jmc2,8.5
39,synm1cyw,8.5
39,2yhbopjy,7.8
39,cp6vtn32,7.8
39,vhiwrhkb,7.5
39,mxdlszoq,7.5
39,0vsf67nh,7.5
39,qlent1g9,7.5
39,37s6bxhw,7.5
39,8iq93l2n,7.5
39,270msv5l,7.5
39,v3hoccem,7.5
39,sta4cf3o,7.5
39,1345qct4,7.5
39,usvz287e,7.5
39,4rj2agn2,7.5
39,0d3vy87b,7.5
39,uh3q65we,7.5
39,96xoj10p,6.8
39,jrdf781h,6.5
39,vtp4cwvt,6.5
39,kk11lja4,6.5
39,0vis4bwi,6.5
39,kkxdmzk9,6.5
39,zy5m8xc8,5.0
39,ndsc0rif,4.5
39,eqjv5y9z,3.5
39,qwrdr92h,3.5
39,ajlctjeb,3.5
39,f0ncxqbx,3.5
39,prygoc0q,3.5
39,68y733y3,3.0
39,shk4n8f6,2.5
39,ll93g47p,2.5
39,ion97n4b,2.5
39,ww2pffng,2.0
39,928pkpv2,2.0
39,9wyb7l3o,1.5
39,1r1ueuk2,1.5
39,m57b8g9n,1.0
39,ey35h7ry,1.0
39,lg6gvgwt,0.3
39,vv581qzu,0.2
39,or5nbobd,0.2
39,439mzymn,0.2
39,8ut2p9p6,0.2
39,qm7fjojv,0.2
39,ynkqqw7l,0.2
39,cxnoemdo,0.2
39,p4ufea6x,0.2
39,2558niqn,0.2
39,k8mn9xkj,0.2
39,e071ciil,0.2
39,a04e06zy,0.2
39,ur5g54et,0.2
39,hx77tpbt,0.2
39,2qmlg9qn,0.2
39,cxxk09t2,0.1
39,jleccqqx,0.1
39,wbh06gzb,0.1
39,26pbzbxz,0.1
39,t37zk193,0.1
39,tnaizwxo,0.1
39,tztrwfbi,0.1
39,3vkxrsbd,0.1
39,2qvyhjlp,0.1
39,pnroqceq,0.1
39,gzxtjf0a,0.1
39,5wz79c2l,0.1
39,lxtuig9w,0.1
39,g42p98ku,0.1
39,z6ndprmm,0.0
39,4w8ajcti,0.0
39,yw9ghrb7,0.0
39,sf3vhpeq,0.0
40,30ulsqqu,9.5
40,brsailag,9.0
40,8com2zex,8.5
40,645zegcv,8.5
40,e67ky5tr,8.5
40,63bos83o,8.5
40,bqv0nbo7,8.5
40,9cx1gdze,8.5
40,9dn5c01n,8.5
40,9gjlfk2w,8.5
40,96xoj10p,8.5
40,ocg5siiy,8.5
40,2sm0pgt7,8.5
40,igo8c5kb,8.0
40,3owcqt3d,7.5
40,w94y3y9h,7.5
40,2hbxvvpw,7.5
40,0pi042qi,7.5
40,qdbcdn2j,7.5
40,fvx0xof9,7.5
40,qe5lg8jn,7.5
40,ev4pasbk,7.5
40,khrx6rnh,7.5
40,4t8ra5oa,6.8
40,bcwcjf01,6.5
40,nivrrsqg,6.5
40,w5qsr5no,6.5
40,p9mbmfaq,6.5
40,2htnywef,6.5
40,tg6s41y3,6.5
40,cqx9pjzr,6.5
40,8pr5ispb,6.5
40,jy7j8sh0,5.5
40,fae3sczm,4.5
40,ayz80rvp,3.8
40,pebc17zw,3.5
40,oqc9h2lu,3.5
40,5d64esp4,3.5
40,64l96jwp,3.5
40,uq7bpmbi,3.5
40,iwfidoer,3.5
40,o43cfrfh,3.5
40,x0ygzz4u,3.5
40,mtk3qxue,3.5
40,0aiaklrn,2.5
40,imjiwslh,2.5
40,uqw74ra0,2.5
40,lyop9wzv,2.5
40,s76c5ebd,2.5
40,w1csq51z,2.5
40,ow5wt781,2.5
40,ecnt35no,2.5
40,2f0pooqq,2.0
40,81znlofa,2.0
40,nzxpo4sd,2.0
40,tg0tczni,1.5
40,vn3gkugz,1.2
40,pm8mgqxz,1.2
40,qeao4ghg,1.0
40,pkbo2lbk,1.0
40,bea9x5j1,1.0
40,cr0zskcw,1.0
40,7obfhwey,1.0
40,sb6bevb2,1.0
40,2zvxn948,0.2
40,zm38v6do,0.2
40,30s14h9j,0.2
40,417onceq,0.2
40,godas2iy,0.2
40,1xgjdhkx,0.2
40,rhgdorpb,0.2
40,iy6qzq58,0.2
40,b6l0qshz,0.2
40,1v353uij,0.2
40,ow3aez9v,0.2
40,1tqgnudg,0.2
40,pzbhq26m,0.2
40,1fhja82a,0.2
40,jm3uzg2i,0.2
40,ovq737wt,0.2
40,7jszm1nd,0.2
40,aq3ho77b,0.1
40,r707jl16,0.1
40,xxt4g8gq,0.1
40,8ut2p9p6,0.1
40,8xbl2qtp,0.1
40,27fd59qe,0.1
40,jppa2pbw,0.1
40,2z6crx22,0.1
40,4kpkhz0o,0.1
40,25cawzi0,0.1
40,fj9l8che,0.1
40,8vtcochx,0.1
40,gl567tq7,0.1
40,yne3nu46,0.1
40,iptisi1m,0.1
40,n952re94,0.1
40,64k42urk,0.0
40,4z38v9rg,0.0
40,i8fqjfww,0.0
41,h80iowrh,8.5
41,qww6pe61,7.5
41,fg0svwx9,7.5
41,sw60qbbj,5.5
41,inboxdth,4.5
41,piyo00yg,3.5
41,mu5u5bvj,3.5
41,xfwojl20,2.5
41,82om5zp5,2.5
41,4y5ofjgt,2.5
41,nmt221tu,2.5
41,kfkumsux,2.5
41,asclastg,2.5
41,n1fabz7k,2.5
41,103nlup8,2.5
41,64l96jwp,2.5
41,73nlxqgk,2.5
41,e67ky5tr,2.0
41,jy7j8sh0,1.5
41,srk7b83b,1.0
41,l9c1x7tb,0.2
41,fk7k84n7,0.2
41,w8meihe1,0.2
41,4wtt935o,0.2
41,1t0mklwi,0.2
41,nionk55w,0.2
41,9p2n8tjx,0.2
41,icw7zyce,0.2
41,utg8k7qs,0.2
41,pm4aknio,0.2
41,0gt21051,0.2
41,hp1gz37o,0.2
41,23mxohid,0.2
41,nqc1pduk,0.2
41,0nyy7vjo,0.2
41,5kqtxh6t,0.2
41,hwywzb0a,0.2
41,ul8wjrmy,0.2
41,k6ad4qgu,0.2
41,37ojix5j,0.1
41,qtfdtfq4,0.1
41,xag1cfw5,0.1
41,430uul3k,0.1
41,1o01gm87,0.1
41,3jdtxboy,0.1
41,6flnh6ii,0.1
41,vz0qvp01,0.1
41,luoxomif,0.1
41,d0bk9gu5,0.1
41,a8w5cs6k,0.1
41,4uk96af7,0.1
41,99lxmq4u,0.1
41,cmw0lgpd,0.1
41,56sag9d0,0.1
41,0q2ky9gd,0.1
41,ckms25na,0.1
41,xrhqisii,0.1
41,eyygksc2,0.1
41,njzyu4mv,0.1
41,i1mdd56z,0.1
41,zy5m8xc8,0.1
41,xzoizser,0.1
41,sz7flpd0,0.1
41,7qd03xfi,0.1
41,9yzum3er,0.1
41,yqcc54iv,0.1
41,r2s0gks8,0.1
41,j9csyc3j,0.1
41,kwnteqg1,0.1
41,fztcd1ir,0.1
41,4mlve2dq,0.1
41,sw8aleo3,0.1
41,rtlygovi,0.1
41,2ffnuc8f,0.1
41,fiy0l5lh,0.1
41,vhghhvnu,0.1
41,xt6vwcu6,0.1
41,afwxps4b,0.1
41,u86icqcc,0.1
41,eq8yjxy3,0.1
41,w89awlq7,0.1
41,7xauocti,0.1
41,yci0a6bt,0.1
41,v60vv99o,0.1
41,gcjgfasj,0.1
41,8glpr566,0.1
41,tty2y9cv,0.1
41,p9mbmfaq,0.1
41,30s14h9j,0.0
41,lof5hdjy,0.0
41,xntqevam,0.0
41,426okmax,0.0
41,klzs6hqy,0.0
41,ltdajnyy,0.0
41,964tbh7d,0.0
41,23xo4frr,0.0
41,82m3w06s,0.0
41,4jnovvnp,0.0
41,byxuruk1,0.0
41,b6gte5u0,0.0
42,pm7ihh9t,8.5
42,a4w2nnos,8.5
42,bujydnde,8.5
42,b5rh0org,8.5
42,rm0zbgfm,7.5
42,mnvievju,7.5
42,yh6858k6,7.5
42,ukcv4t4f,6.5
42,6zrv687k,6.5
42,pr9i9swk,5.5
42,7r705eqd,4.5
42,3zh8jmc2,4.5
42,505i9na8,4.5
42,ctmn3957,3.5
42,vo80sp6p,3.5
42,de5or4mc,3.5
42,r5f99tx3,3.5
42,gzxo0im0,2.5
42,184kmuiy,2.5
42,hlu1noym,2.5
42,lrtt9r1h,2.5
42,kiujd1py,2.5
42,71q8b31o,2.5
42,9go024lz,2.5
42,fw6q4qpq,2.5
42,4pl3bhx6,2.5
42,mhw7cqwp,2.0
42,w6q1x1zs,2.0
42,000ajevz,1.5
42,1484fg9p,1.5
42,xibqsjib,1.5
42,d8p7mgqt,1.2
42,x1v4jpl4,1.2
42,57q69icp,1.2
42,ofpcgxce,1.0
42,xkqxawj2,1.0
42,9m39fb88,1.0
42,4ce1io1h,1.0
42,tsuz3j40,0.3
42,cxxk09t2,0.2
42,270msv5l,0.2
42,5kffoext,0.2
42,3pnuzxqv,0.2
42,n497clms,0.2
42,uylgyhs8,0.2
42,6c6cw80p,0.2
42,p3k14z38,0.2
42,k8mn9xkj,0.2
42,ndsc0rif,0.2
42,qlent1g9,0.2
42,gw2cow0d,0.2
42,k6ad4qgu,0.2
42,shk4n8f6,0.2
42,qe5lg8jn,0.2
42,5q3ojfmc,0.2
42,m4k20i7g,0.2
42,gx5mw6jo,0.2
42,226ne81d,0.2
42,0zj98cx2,0.2
42,q4p77ukw,0.2
42,qm7fjojv,0.1
42,z16d3rnm,0.1
42,oq7pim3b,0.1
42,tibu8530,0.1
42,t0oz35cm,0.1
42,66lqic50,0.1
42,ckms25na,0.1
42,e8im13go,0.1
42,2hchnlwb,0.1
42,qcp2aqya,0.1
42,88wo4xen,0.1
42,3h7pdd8m,0.1
42,lxtuig9w,0.1
42,qadjfgda,0.1
42,7s6283y5,0.1
42,439mzymn,0.1
42,m6abyuvx,0.1
42,n6b0r92e,0.1
42,vzbh457k,0.1
42,tx20cnnn,0.1
42,qxzuplrf,0.1
42,w1csq51z,0.1
42,oz7hras7,0.1
42,xyc6a1fw,0.1
42,ul91jrpd,0.1
42,9717nzr7,0.1
42,15c85zi4,0.1
42,f0ncxqbx,0.1
42,izea05z4,0.1
42,5wz79c2l,0.1
42,o1x8c9o4,0.1
42,cu6nmjoj,0.1
42,25v5mr3c,0.1
42,ynnp2wph,0.1
42,remv8xvx,0.1
42,24lz9tf1,0.1
42,9dn5c01n,0.1
42,k5g8ebqg,0.1
42,akri8qdk,0.1
42,iefu6hph,0.1
43,te74xvnd,8.5
43,zvb7bxix,4.2
43,qfl3i7c6,3.5
43,fuu03xxw,3.5
43,lusrcpns,3.0
43,5fl0rk90,3.0
43,dzzlpz4o,2.5
43,qww6pe61,2.5
43,tw6wusxe,2.5
43,36dhfptw,2.5
43,m5qabh1k,2.5
43,7l8lqi1e,2.5
43,cq27eq5h,2.5
43,ewx5xhrb,2.5
43,yyz95rym,2.5
43,u6l7gzax,2.3
43,36fljyl2,2.0
43,9c0zrp7p,2.0
43,zxe95qy9,1.5
43,z8oh082s,1.5
43,73nlxqgk,1.5
43,ul8wjrmy,1.2
43,z22ekgtv,1.2
43,5va6wslg,1.2
43,ntx35a8s,1.2
43,3jdtxboy,1.0
43,mi5gcfcw,1.0
43,qbt142yj,1.0
43,517gka4h,1.0
43,72oh3vze,0.2
43,b22s00es,0.2
43,j68x0yd1,0.2
43,944gun8o,0.2
43,y01w04lc,0.2
43,car11tje,0.2
43,599x0euj,0.2
43,qxo5omah,0.2
43,kmdxxx76,0.2
43,37ojix5j,0.2
43,8dye7e9m,0.2
43,vg42z900,0.2
43,upya9ehz,0.2
43,0ybn2igj,0.2
43,uqm7ndjt,0.2
43,r9cefnht,0.2
43,qsw8ncdw,0.2
43,utmt5sva,0.2
43,k6ad4qgu,0.2
43,8d4f4gmw,0.2
43,si9ty2dt,0.2
43,kfkumsux,0.2
43,8pqf7dnm,0.2
43,6p0knj62,0.2
43,sfshosp0,0.2
43,5eigm1r1,0.2
43,drcfdv9z,0.2
43,r0rfjs05,0.2
43,vhghhvnu,0.1
43,644lf8vn,0.1
43,25v5mr3c,0.1
43,56sag9d0,0.1
43,2qds187e,0.1
43,jj7dm2n1,0.1
43,agvg719f,0.1
43,wu7i548j,0.1
43,upogtny6,0.1
43,bu43gmpc,0.1
43,gl9cjmno,0.1
43,vy00r2b0,0.1
43,suzhg1yd,0.1
43,ooorfy1z,0.1
43,jm3uzg2i,0.1
43,m5g5zaqu,0.1
43,xogty25m,0.1
43,ugbwvy6j,0.1
43,v5y9s97b,0.1
43,bm7i52gm,0.1
43,ntub7gnw,0.1
43,36bfeoqv,0.1
43,pixbry0c,0.1
43,byvcjy38,0.1
43,nqc1pduk,0.1
43,dognow0r,0.1
43,m1xf62bf,0.1
43,1t0mklwi,0.1
43,nxv1ie29,0.1
43,547k2e46,0.1
43,bltjbxr0,0.1
43,p6a3j6mr,0.1
43,23mxohid,0.1
43,vxk7uqlc,0.1
43,fq2urilg,0.0
43,zss38mct,0.0
43,wcyv6w47,0.0
43,kfbu10oy,0.0
43,8v907g24,0.0
43,wxparyeg,0.0
43,1whqwaan,0.0
43,d8908t93,0.0
43,82m3w06s,0.0
44,36bfeoqv,8.5
44,5043wcdt,8.5
44,umvrwgaw,8.5
44,r3in76wm,8.5
44,zid9e20z,8.5
44,mewo9w43,8.5
44,9rxv6fy9,8.5
44,4rj2agn2,8.5
44,baxxcyji,7.5
44,fhwgdfry,7.5
44,2r62jqsx,7.5
44,hq0owf31,7.5
44,25dcnext,7.5
44,nzh87aux,7.5
44,lm4rfabw,6.8
44,543aq9dx,6.5
44,6yu02snn,6.5
44,6upti3bg,6.5
44,3kzuvyqx,5.5
44,8y24j34j,3.5
44,ylpa702c,3.5
44,aq48eris,3.5
44,944gun8o,3.5
44,0vis4bwi,3.5
44,a8w5cs6k,3.5
44,vg42z900,2.5
44,yxtdqjay,2.5
44,ndpmze2f,2.5
44,s25jy7ur,2.5
44,ibmi9ln8,2.5
44,2jq626ye,2.5
44,xmjzgqq7,2.5
44,drcfdv9z,2.5
44,dhdyxnr3,2.5
44,o7ttiu97,2.5
44,jy63p793,2.3
44,qij0248p,2.0
44,8n85abve,2.0
44,gnz96tzj,2.0
44,out6zg61,1.5
44,tty2y9cv,1.5
44,dp90eo2u,1.5
44,x4hdxx1t,1.5
44,h51zr96k,1.2
44,o2q488ts,1.2
44,ul8wjrmy,1.2
44,feohfmbo,1.0
44,184kiuah,1.0
44,3bpcf28i,1.0
44,vqnh68mo,1.0
44,12eqrhql,1.0
44,vpm9drvz,1.0
44,qsw8ncdw,0.2
44,wale2wiu,0.2
44,2ffnuc8f,0.2
44,n6b0r92e,0.2
44,tlvgyzft,0.2
44,mciwp44p,0.2
44,k8mn9xkj,0.2
44,ycxyn2a2,0.2
44,9hrp07zo,0.2
44,pixbry0c,0.2
44,m5g5zaqu,0.2
44,2yhbopjy,0.2
44,30oad29g,0.2
44,6sfleb1b,0.1
44,9717nzr7,0.1
44,pdjsy9a0,0.1
44,0q2ky9gd,0.1
44,g06l1j0h,0.1
44,d8p8elen,0.1
44,vy0v0vkd,0.1
44,ugbwvy6j,0.1
44,n1fabz7k,0.1
44,qqy1xgta,0.1
44,nky7bo6u,0.1
44,6zi7sxs1,0.1
44,0r4z1zea,0.1
44,8iq93l2n,0.1
44,lbtdex4p,0.1
44,26pbzbxz,0.1
44,4qrg6lqu,0.1
44,qz68gtd4,0.1
44,25cawzi0,0.1
44,fvx0xof9,0.1
44,i8gk3xi1,0.1
44,rqo10s2g,0.1
44,zo9yngfc,0.1
44,srk7b83b,0.1
44,7lohh5ty,0.1
44,vn3gkugz,0.1
44,2hchnlwb,0.1
44,pwlybr2h,0.1
44,1k2kfzfx,0.1
44,iy6qzq58,0.0
44,mq4a4u40,0.0
44,jppa2pbw,0.0
44,dg10rf2f,0.0
44,j6txbpz4,0.0
44,c2qdkz3o,0.0
45,bc6i5izr,8.5
45,cixdw87l,7.5
45,616sbeao,7.5
45,0ybn2igj,7.5
45,517gka4h,7.5
45,kmdxxx76,6.8
45,afwxps4b,6.5
45,gcjgfasj,6.5
45,1i1rhwcw,6.5
45,upya9ehz,5.8
45,ugbwvy6j,4.2
45,r9cefnht,3.5
45,j68x0yd1,3.5
45,mi5gcfcw,3.5
45,36dhfptw,3.5
45,944gun8o,3.5
45,dzzlpz4o,3.5
45,vg42z900,3.5
45,18aq44dx,3.5
45,mzn448zk,2.5
45,utmt5sva,2.5
45,jm3uzg2i,2.5
45,25ykas09,2.5
45,bltjbxr0,2.5
45,7l8lqi1e,2.5
45,qxo5omah,2.5
45,tw6wusxe,2.5
45,6rujx4vs,2.5
45,a053sgro,2.5
45,qsw8ncdw,2.5
45,9rfmpvhh,2.5
45,9zv7wpi1,2.0
45,qbt142yj,2.0
45,agvg719f,2.0
45,6p0knj62,2.0
45,14azjvbf,2.0
45,zxe95qy9,2.0
45,ul91jrpd,1.2
45,mwhrlb70,1.2
45,644lf8vn,1.0
45,8dye7e9m,1.0
45,pav9cx2p,1.0
45,3jdtxboy,0.2
45,u6l7gzax,0.2
45,1t0mklwi,0.2
45,0q2ky9gd,0.2
45,fdwrrpnl,0.2
45,x5minc9s,0.2
45,jj7dm2n1,0.2
45,sil8te5t,0.2
45,qww6pe61,0.2
45,dognow0r,0.2
45,car11tje,0.2
45,599x0euj,0.2
45,35c6mak0,0.2
45,96v85b0a,0.2
45,fec4kt20,0.2
45,rtlygovi,0.2
45,p1alvpkr,0.2
45,kkxdmzk9,0.2
45,8pqf7dnm,0.2
45,qtfdtfq4,0.2
45,kfkumsux,0.2
45,vhghhvnu,0.1
45,fq2urilg,0.1
45,37ojix5j,0.1
45,bm7i52gm,0.1
45,z22ekgtv,0.1
45,gl9cjmno,0.1
45,b22s00es,0.1
45,zq00lpxo,0.1
45,82m3w06s,0.1
45,m5qabh1k,0.1
45,25v5mr3c,0.1
45,wu7i548j,0.1
45,kfbu10oy,0.1
45,hxjxczyr,0.1
45,36bfeoqv,0.1
45,zss38mct,0.1
45,kc1xl0sg,0.1
45,a0e3kwbe,0.1
45,yxtdqjay,0.1
45,1whqwaan,0.1
45,suzhg1yd,0.1
45,dscdjtfy,0.1
45,547k2e46,0.1
45,0hghpwyr,0.1
45,ooorfy1z,0.1
45,2ks9iimj,0.1
45,o2os9jj6,0.1
45,2hchnlwb,0.1
45,byvcjy38,0.1
45,bswndfvk,0.1
45,iqwdqe1g,0.1
45,dzl07bs1,0.1
45,b6l0qshz,0.1
45,ul8wjrmy,0.0
45,zmmef8gj,0.0
45,wxparyeg,0.0
45,klzs6hqy,0.0
46,eq8yjxy3,8.5
46,m1jpza1z,8.5
46,2jq626ye,7.5
46,v4r5d26a,7.5
46,exkrhhop,7.5
46,k8mn9xkj,7.5
46,2h6es4x4,3.0
46,cyrijv7b,2.5
46,270msv5l,2.5
46,n55xvwkf,2.5
46,o7ttiu97,2.5
46,dwt0h2tg,2.5
46,jk7vng3v,2.5
46,b5rh0org,2.0
46,zlygzsm1,2.0
46,5wz79c2l,1.2
46,10ynhrl3,1.0
46,rf7kpyo4,1.0
46,clqfq8hw,1.0
46,fneo7cps,0.2
46,z76vjkxg,0.2
46,cc31u01y,0.2
46,wg49stl6,0.2
46,nepgttxf,0.2
46,7a8usikz,0.2
46,8pqf7dnm,0.2
46,z5lv81bi,0.2
46,sx9r8gth,0.2
46,tsuz3j40,0.2
46,24lz9tf1,0.1
46,nuep8nim,0.1
46,25ykas09,0.1
46,2tji14il,0.1
46,y1nr8y25,0.1
46,6o0yrkdi,0.1
46,gnbpngef,0.1
46,p7feodk1,0.1
46,u6ts87ur,0.1
46,xv15gvkt,0.1
46,rl5a7cnk,0.1
46,m25f7tfr,0.1
46,m2fwefuy,0.1
46,fie121ns,0.1
46,9717nzr7,0.1
46,o13leezl,0.1
46,sl45z4i0,0.1
46,5kffoext,0.1
46,bjg20xnk,0.1
46,qilqtvzt,0.1
46,rkdvds4t,0.1
46,dzl07bs1,0.1
46,t0oz35cm,0.1
46,xyc6a1fw,0.1
46,rpnuauwz,0.1
46,184kiuah,0.1
46,3pnuzxqv,0.1
46,oz7hras7,0.1
46,qeq33nns,0.1
46,pnqlkgdj,0.1
46,azvscejw,0.1
46,cxxk09t2,0.1
46,xkqxawj2,0.1
46,iec4mvh7,0.1
46,rn5gn7pw,0.1
46,yomg30hg,0.1
46,mq4a4u40,0.1
46,knbyjvua,0.1
46,y1fcw1dj,0.1
46,qtwcbn7m,0.1
46,n38e01bd,0.1
46,gw2cow0d,0.1
46,lxtuig9w,0.1
46,ija2pb97,0.1
46,6u80p5sj,0.1
46,88wo4xen,0.1
46,zkudc8ww,0.1
46,309atz7p,0.1
46,4hygz05o,0.1
46,9l8nuz5g,0.1
46,zwffw6ur,0.1
46,eg0x4x6o,0.1
46,jq1xumrh,0.1
46,fs6x66in,0.1
46,59c9cpfe,0.1
46,dih1nj0r,0.1
46,v3548bfn,0.1
46,8dbenul1,0.0
46,26pbzbxz,0.0
46,femlz8z2,0.0
46,syuga1j1,0.0
46,kzyxzlrm,0.0
46,qevosik3,0.0
46,p2buyrcj,0.0
46,l78de41z,0.0
46,mpu1ico3,0.0
46,10bu7iwg,0.0
46,ev4pasbk,0.0
46,u7i7ruz3,0.0
46,d93d3mds,0.0
46,remv8xvx,0.0
47,7v5xl1s3,9.0
47,soov8q3q,8.5
47,3okytwd8,8.5
47,c5jdp5jv,8.5
47,zxtbnyho,8.5
47,l9tjubqe,8.5
47,jy7j8sh0,8.5
47,gt3v8km1,8.5
47,0jlsaypc,8.5
47,hcpa8ej5,8.5
47,b41j1ilr,7.5
47,7p3b6tyf,7.5
47,o2os9jj6,7.5
47,989ogvsj,7.5
47,32ykxt0o,7.5
47,waf4n6u8,6.8
47,06e9lkwl,6.5
47,8o07qnrh,6.5
47,zggk0x2q,6.5
47,7lvyg0ea,5.8
47,34sa8fcm,3.5
47,utg8k7qs,3.5
47,ihad1sqp,3.5
47,zwffw6ur,3.5
47,270msv5l,3.5
47,am4mdxok,3.5
47,43yvs52a,3.5
47,3zh8jmc2,3.5
47,e50a0suk,3.5
47,qpjvmwmp,3.5
47,vxk7uqlc,2.5
47,d4fymkg9,2.5
47,qwngt8fw,2.5
47,ozigndov,2.5
47,xjfdin77,2.5
47,qaezkvqu,2.5
47,3kevhgvv,2.5
47,na90gzux,2.3
47,0ahn7xlo,2.0
47,m74bvoiy,2.0
47,8au24p7l,1.5
47,m3skoj50,1.2
47,3dgjv0x1,1.2
47,xmjzgqq7,1.0
47,kexmexr4,1.0
47,71e400kr,1.0
47,0dffcoi5,1.0
47,cyrijv7b,1.0
47,n1fabz7k,0.2
47,6c86edkc,0.2
47,5opiip58,0.2
47,c6u30lwd,0.2
47,u30y2xdt,0.2
47,rm7nsyjd,0.2
47,7i1sxa51,0.2
47,d5xv2xdr,0.2
47,msdyszr1,0.2
47,ujbclp35,0.2
47,drcfdv9z,0.2
47,7xauocti,0.2
47,xrhqisii,0.2
47,4fmcwf9x,0.2
47,s6hkr5un,0.2
47,xcqvfu9h,0.2
47,llilwq1u,0.2
47,0cj06q6g,0.2
47,9717nzr7,0.2
47,ndyose0c,0.2
47,0tqwjdhd,0.2
47,hr99dwi7,0.2
47,dm9xw34d,0.2
47,2hchnlwb,0.1
47,sw8aleo3,0.1
47,cxnoemdo,0.1
47,0q2ky9gd,0.1
47,cd75og2q,0.1
47,n6b0r92e,0.1
47,g06l1j0h,0.1
47,37ojix5j,0.1
47,cxxk09t2,0.1
47,lvoam28y,0.1
47,njaw5mra,0.1
47,k3z30aaw,0.1
47,qsw8ncdw,0.1
47,82m3w06s,0.1
47,stteun89,0.1
47,8dye7e9m,0.1
47,ki0nnptv,0.1
47,3vkxrsbd,0.1
47,vg42z900,0.1
47,hwywzb0a,0.1
47,lz0ff16u,0.1
47,j3h62pcu,0.1
47,fsbohzw0,0.1
47,543aq9dx,0.1
47,lbtdex4p,0.1
47,ul8wjrmy,0.0
47,81kuduex,0.0
47,3w02be5c,0.0
47,rw27f7qh,0.0
48,3amxb7qr,8.5
48,mkv1jc7u,8.5
48,7l8lqi1e,8.5
48,r0rfjs05,8.5
48,r7a0orh7,7.5
48,0tqwjdhd,7.5
48,c470nlie,7.2
48,1x1db9pv,6.5
48,g6ki6vyy,5.5
48,5opiip58,5.0
48,72oh3vze,3.5
48,ul91jrpd,3.5
48,o2q488ts,3.5
48,tw6wusxe,3.5
48,qbt142yj,3.5
48,9rfmpvhh,3.5
48,zss38mct,3.5
48,f8dsor7m,3.5
48,08qoho81,3.5
48,qfl3i7c6,2.5
48,96v85b0a,2.5
48,bltjbxr0,2.5
48,car11tje,2.5
48,73nlxqgk,2.5
48,5fl0rk90,2.5
48,b22s00es,2.5
48,fdwrrpnl,2.5
48,mzn448zk,2.5
48,agvg719f,2.5
48,m5g5zaqu,2.5
48,a053sgro,2.3
48,utmt5sva,1.5
48,zxe95qy9,1.5
48,rtlygovi,1.5
48,184kiuah,1.2
48,dzzlpz4o,1.0
48,jm3uzg2i,1.0
48,36bfeoqv,1.0
48,1whqwaan,1.0
48,2qds187e,1.0
48,599x0euj,1.0
48,evz3gwac,1.0
48,0q2ky9gd,0.3
48,m1xf62bf,0.3
48,3jdtxboy,0.2
48,r9cefnht,0.2
48,vhghhvnu,0.2
48,ul8wjrmy,0.2
48,mi5gcfcw,0.2
48,qxo5omah,0.2
48,wcyv6w47,0.2
48,25ykas09,0.2
48,gl9cjmno,0.2
48,l9c1x7tb,0.2
48,e6e6omxt,0.2
48,82m3w06s,0.2
48,517gka4h,0.2
48,v5y9s97b,0.2
48,5hifn0cf,0.2
48,0ahn7xlo,0.2
48,dp90eo2u,0.2
48,sil8te5t,0.2
48,0ybn2igj,0.2
48,6sfleb1b,0.2
48,fq1su77a,0.2
48,jj7dm2n1,0.2
48,9zv7wpi1,0.2
48,zvb7bxix,0.2
48,zh8e76w7,0.2
48,upya9ehz,0.2
48,kfbu10oy,0.2
48,pwiz0ot3,0.2
48,8zer55tt,0.2
48,cmw0lgpd,0.2
48,8t6rsvqz,0.2
48,37ojix5j,0.1
48,8dye7e9m,0.1
48,tz28lzi2,0.1
48,dqfvrerw,0.1
48,ooorfy1z,0.1
48,644lf8vn,0.1
48,n6b0r92e,0.1
48,fq2urilg,0.1
48,kxrzv16n,0.1
48,bu43gmpc,0.1
48,m5qabh1k,0.1
48,yxtdqjay,0.1
48,wu7i548j,0.1
48,4jnovvnp,0.1
48,vnwxqrha,0.1
48,kvuy06ln,0.1
48,qwxkn0j0,0.1
48,25v5mr3c,0.1
48,kkxdmzk9,0.1
48,9p2n8tjx,0.1
48,n38e01bd,0.1
48,5eigm1r1,0.1
48,bxeoso4k,0.0
48,1rhy8td0,0.0
48,zy2yc8gs,0.0
49,tkqxb1ql,8.5
49,wi7qdbc7,8.5
49,msdyszr1,8.5
49,j6txbpz4,8.5
49,kff3gig0,8.5
49,2hflah2h,8.5
49,qevosik3,8.5
49,f7gv18qq,8.5
49,6u80p5sj,8.5
49,85yd3h2b,7.5
49,270msv5l,7.5
49,wlw8cty8,7.5
49,k5g8ebqg,7.5
49,2lz4fr5e,7.5
49,asghqx6q,7.5
49,dqbktgmq,7.5
49,o7y3wygc,7.5
49,6zrv687k,6.5
49,h8upyzb1,5.8
49,jj7dm2n1,4.5
49,8e7dndfq,3.5
49,evy1neal,2.5
49,9rfmpvhh,2.5
49,t0ij21io,2.5
49,nni6l7n0,2.5
49,es1xllm0,2.5
49,a0acr28o,2.5
49,13cii3on,2.5
49,hrfbygub,2.5
49,slxdonqi,2.5
49,mlhd9zbs,1.5
49,2kfzor6d,1.5
49,qjuvl0po,1.5
49,9807pgmy,1.2
49,m6abyuvx,1.0
49,lmswl9ol,1.0
49,j3p1u80n,1.0
49,ths475r0,1.0
49,o4o4bzna,1.0
49,vixb9v8v,1.0
49,tsyvfgor,1.0
49,dc7fn26s,0.2
49,pr9i9swk,0.2
49,ohd9y2fz,0.2
49,n6b0r92e,0.2
49,3pnuzxqv,0.2
49,akri8qdk,0.2
49,j0u2e01k,0.2
49,094d0rn6,0.2
49,jkg7qkj6,0.2
49,v22k72tw,0.2
49,krzbkryz,0.2
49,r8m6cgv8,0.2
49,77k2nz8h,0.2
49,ctass7hz,0.2
49,y1fcw1dj,0.2
49,p1alvpkr,0.2
49,7bsixsgd,0.2
49,3w02be5c,0.2
49,kkhb2go8,0.2
49,5ka9909n,0.2
49,5wz79c2l,0.2
49,3dgjv0x1,0.2
49,k8wfyj9b,0.2
49,6fisbx49,0.2
49,m57b8g9n,0.2
49,2hchnlwb,0.2
49,ajlctjeb,0.2
49,dih1nj0r,0.2
49,4pl3bhx6,0.2
49,bnhwgv2g,0.2
49,dg10rf2f,0.2
49,gw2p27rc,0.2
49,xaohrtq7,0.1
49,j9qucb0k,0.1
49,2z14p4oh,0.1
49,mhw7cqwp,0.1
49,8ut2p9p6,0.1
49,njaw5mra,0.1
49,23tjgbhw,0.1
49,k3z30aaw,0.1
49,jppa2pbw,0.1
49,6dwpc4dv,0.1
49,vy0v0vkd,0.1
49,chy7096f,0.1
49,8mbqkzpu,0.1
49,verg5dhn,0.1
49,fpsyem7x,0.1
49,9p2n8tjx,0.1
49,kf1fs1ka,0.1
49,lwvb6dxc,0.1
49,d4fymkg9,0.1
49,absjerdt,0.1
49,6p0knj62,0.1
49,w1csq51z,0.1
49,hv5lzyhq,0.1
49,bjg20xnk,0.1
49,z6ndprmm,0.1
49,ynnp2wph,0.0
49,66lqic50,0.0
50,nt1shjtl,8.5
50,wlw8cty8,8.5
50,lmswl9ol,7.8
50,0fx1b7ph,7.5
50,cot05vx7,7.5
50,u6ts87ur,7.5
50,7u6ofjul,7.5
50,6dg7i06i,7.5
50,o13leezl,7.5
50,3nsllrcj,6.8
50,a9o2dvke,6.5
50,jr9hj0bs,6.5
50,y9i4hsy8,6.5
50,dgeisr8h,6.5
50,p6ikd8ns,3.5
50,qe5lg8jn,3.5
50,xcrm9b5u,3.5
50,b5rh0org,3.5
50,5wz79c2l,2.5
50,2jq626ye,2.5
50,ofpcgxce,2.5
50,j3p1u80n,2.5
50,wzjdm4q2,2.5
50,6l6c7jpq,2.5
50,amvlm09p,2.5
50,r6c7kmqj,2.5
50,22ewkwma,2.0
50,hrfbygub,2.0
50,bjg20xnk,1.5
50,jm3uzg2i,1.2
50,08grs6m7,1.0
50,i8zikevn,1.0
50,tubwvmc6,1.0
50,96xoj10p,1.0
50,t0pv7xz0,1.0
50,r52nev7v,1.0
50,s4xlrav8,1.0
50,6fisbx49,0.2
50,k3z30aaw,0.2
50,o43cfrfh,0.2
50,vmmlxr0o,0.2
50,mtk3qxue,0.2
50,dc7fn26s,0.2
50,evy1neal,0.2
50,xwbcfh6p,0.2
50,wi7qdbc7,0.2
50,ikr1qrrt,0.2
50,brb8gpgm,0.2
50,t2qpisrn,0.2
50,imp7icud,0.2
50,fie121ns,0.1
50,xypscjiq,0.1
50,6b6esumw,0.1
50,s76c5ebd,0.1
50,dugsh7mp,0.1
50,6u80p5sj,0.1
50,3pnuzxqv,0.1
50,6pai2e87,0.1
50,i99pgmd1,0.1
50,5l48fvx2,0.1
50,mzsoh16g,0.1
50,vu9b5a14,0.1
50,on8chko9,0.1
50,xc4c7dkk,0.1
50,m4sp9sjn,0.1
50,auum3tn7,0.1
50,ibmi9ln8,0.1
50,7750z41g,0.1
50,7kg7t56i,0.1
50,j9qucb0k,0.1
50,8ut2p9p6,0.1
50,r707jl16,0.1
50,bzwfs0i5,0.1
50,zm38v6do,0.1
50,6r7d5n3l,0.1
50,12eqrhql,0.1
50,pp8kmpz7,0.1
50,qhtj1pef,0.1
50,c8yr7nlo,0.1
50,7jszm1nd,0.1
50,abyxz7jw,0.1
50,hlyk7qws,0.1
50,a05ev6dx,0.1
50,8au24p7l,0.1
50,z9molxg9,0.1
50,p7feodk1,0.1
50,af8ofuwo,0.1
50,tg0tczni,0.1
50,1rhy8td0,0.1
50,a4ue2jot,0.1
50,5x24dcx9,0.1
50,6wu024ng,0.1
50,8dkj6ps3,0.1
50,5hifn0cf,0.1
50,mcr12mwb,0.0
50,upuy8wvc,0.0
50,i7x50taa,0.0
50,63bos83o,0.0
50,igo8c5kb,0.0
50,jyi5z10h,0.0
